"id","name","sequence","description","invoice_label","type_tax_use","tax_scope","amount_type","amount","tax_group_id","is_withholding_tax","children_tax_ids","repartition_line_ids/factor_percent","repartition_line_ids/repartition_type","repartition_line_ids/document_type","repartition_line_ids/account_id","repartition_line_ids/tag_ids","repartition_line_ids/use_in_tax_closing","active","l10n_ph_atc","fiscal_position_ids","original_tax_ids"
"l10n_ph_tax_sale_12","12%","1","VAT","12%","sale","","percent","12","l10n_ph_tax_group_vatable","False","","100","base","invoice","","31A","","True","","l10n_ph_fiscal_position_vatable","l10n_ph_tax_sale_0_exempt,l10n_ph_tax_sale_0_zr"
"","","","","","","","","","","","","100","tax","invoice","l10n_ph_account_206010","31B","True","","","",""
"","","","","","","","","","","","","100","base","refund","","31A","","","","",""
"","","","","","","","","","","","","100","tax","refund","l10n_ph_account_206010","31B","True","","","",""
"l10n_ph_tax_sale_0_exempt","0% EXEMPT","3","VAT Exempt","VAT Exempt","sale","","percent","0","l10n_ph_tax_group_vat_exempt","False","","100","base","invoice","","33A","","True","","l10n_ph_fiscal_position_vat_exempt","l10n_ph_tax_sale_12,l10n_ph_tax_sale_0_zr"
"","","","","","","","","","","","","100","tax","invoice","l10n_ph_account_206010","","True","","","",""
"","","","","","","","","","","","","100","base","refund","","33A","","","","",""
"","","","","","","","","","","","","100","tax","refund","l10n_ph_account_206010","","True","","","",""
"l10n_ph_tax_sale_0_zr","0% ZR","11","Zero Rated","0%","sale","","percent","0","l10n_ph_tax_group_zero_rated","False","","100","base","invoice","","32A","","True","","l10n_ph_fiscal_position_foreign,l10n_ph_fiscal_position_peza","l10n_ph_tax_sale_12,l10n_ph_tax_sale_0_exempt"
"","","","","","","","","","","","","100","tax","invoice","l10n_ph_account_206010","","True","","","",""
"","","","","","","","","","","","","100","base","refund","","32A","","","","",""
"","","","","","","","","","","","","100","tax","refund","l10n_ph_account_206010","","True","","","",""
"l10n_ph_tax_purchase_12","12%","12","VAT Goods","12%","purchase","consu","percent","12","l10n_ph_tax_group_vatable","False","","100","base","invoice","","44A","","True","","l10n_ph_fiscal_position_vatable","l10n_ph_tax_purchase_0_zr,l10n_ph_tax_purchase_0_exempt,l10n_ph_tax_purchase_0_exempt_i"
"","","","","","","","","","","","","100","tax","invoice","l10n_ph_account_106010","44B","True","","","",""
"","","","","","","","","","","","","100","base","refund","","44A","","","","",""
"","","","","","","","","","","","","100","tax","refund","l10n_ph_account_106010","44B","True","","","",""
"l10n_ph_tax_purchase_12_s","12% S","13","VAT Services","12%","purchase","service","percent","12","l10n_ph_tax_group_vatable","False","","100","base","invoice","","44SA","","True","","l10n_ph_fiscal_position_vatable","l10n_ph_tax_purchase_0_zr,l10n_ph_tax_purchase_0_exempt,l10n_ph_tax_purchase_0_exempt_i"
"","","","","","","","","","","","","100","tax","invoice","l10n_ph_account_106010","44SB","True","","","",""
"","","","","","","","","","","","","100","base","refund","","44SA","","","","",""
"","","","","","","","","","","","","100","tax","refund","l10n_ph_account_106010","44SB","True","","","",""
"l10n_ph_tax_purchase_0_exempt","0% EXEMPT","14","VAT Exempt","VAT Exempt","purchase","","percent","0","l10n_ph_tax_group_vat_exempt","False","","100","base","invoice","","48E","","True","","l10n_ph_fiscal_position_vat_exempt","l10n_ph_tax_purchase_12,l10n_ph_tax_purchase_0_zr,l10n_ph_tax_purchase_0_exempt,l10n_ph_tax_purchase_0_exempt_i,l10n_ph_tax_purchase_12_s"
"","","","","","","","","","","","","100","tax","invoice","l10n_ph_account_106010","","True","","","",""
"","","","","","","","","","","","","100","base","refund","","48E","","","","",""
"","","","","","","","","","","","","100","tax","refund","l10n_ph_account_106010","","True","","","",""
"l10n_ph_tax_purchase_0_exempt_i","0% EXEMPT I","15","VAT Exempt Imports","VAT Exempt","purchase","","percent","0","l10n_ph_tax_group_vat_exempt","False","","100","base","invoice","","49A","","False","","",""
"","","","","","","","","","","","","100","tax","invoice","l10n_ph_account_106010","","True","","","",""
"","","","","","","","","","","","","100","base","refund","","49A","","","","",""
"","","","","","","","","","","","","100","tax","refund","l10n_ph_account_106010","","True","","","",""
"l10n_ph_tax_purchase_0_zr","0% ZR","16","Zero Rated","0%","purchase","","percent","0","l10n_ph_tax_group_zero_rated","False","","100","base","invoice","","48ZR","","True","","l10n_ph_fiscal_position_foreign,l10n_ph_fiscal_position_peza","l10n_ph_tax_purchase_12,l10n_ph_tax_purchase_0_zr,l10n_ph_tax_purchase_0_exempt,l10n_ph_tax_purchase_0_exempt_i,l10n_ph_tax_purchase_12_s"
"","","","","","","","","","","","","100","tax","invoice","l10n_ph_account_106010","","True","","","",""
"","","","","","","","","","","","","100","base","refund","","48ZR","","","","",""
"","","","","","","","","","","","","100","tax","refund","l10n_ph_account_106010","","True","","","",""
"l10n_ph_tax_purchase_12_s_nr","12% S NR","17","VAT Non Resident Services","12%","purchase","service","percent","12","l10n_ph_tax_group_vatable","False","","100","base","invoice","","45A","","True","","",""
"","","","","","","","","","","","","100","tax","invoice","l10n_ph_account_106010","45B","True","","","",""
"","","","","","","","","","","","","100","base","refund","","45A","","","","",""
"","","","","","","","","","","","","100","tax","refund","l10n_ph_account_106010","45B","True","","","",""
"l10n_ph_tax_purchase_12_c","12% C","18","VAT Capital","12%","purchase","consu","percent","12","l10n_ph_tax_group_vatable","False","","100","base","invoice","","CAPA","","True","","",""
"","","","","","","","","","","","","100","tax","invoice","l10n_ph_account_106010","CAPB","True","","","",""
"","","","","","","","","","","","","100","base","refund","","CAPA","","","","",""
"","","","","","","","","","","","","100","tax","refund","l10n_ph_account_106010","CAPB","True","","","",""
"l10n_ph_tax_purchase_12_i","12% I","19","VAT Imports","12%","purchase","consu","percent","12","l10n_ph_tax_group_vatable","False","","100","base","invoice","","46A","","True","","l10n_ph_fiscal_position_foreign","l10n_ph_tax_purchase_12,l10n_ph_tax_purchase_0_zr,l10n_ph_tax_purchase_0_exempt,l10n_ph_tax_purchase_0_exempt_i"
"","","","","","","","","","","","","100","tax","invoice","l10n_ph_account_106010","46B","True","","","",""
"","","","","","","","","","","","","100","base","refund","","46A","","","","",""
"","","","","","","","","","","","","100","tax","refund","l10n_ph_account_106010","46B","True","","","",""
"l10n_ph_tax_purchase_12_ncr","12% NCR","20","VAT not directly attributable","12%","purchase","","percent","12","l10n_ph_tax_group_vatable","False","","100","base","invoice","","53A","","True","","",""
"","","","","","","","","","","","","100","tax","invoice","l10n_ph_account_106010","53B","True","","","",""
"","","","","","","","","","","","","100","base","refund","","53A","","","","",""
"","","","","","","","","","","","","100","tax","refund","l10n_ph_account_106010","53B","True","","","",""
"l10n_ph_tax_purchase_4_pit","4% PIT","21","Presumptive Input Tax","4%","purchase","","percent","4","l10n_ph_tax_group_vatable","False","","100","base","invoice","","41A","","False","","",""
"","","","","","","","","","","","","100","tax","invoice","l10n_ph_account_106010","41B","True","","","",""
"","","","","","","","","","","","","100","base","refund","","41A","","","","",""
"","","","","","","","","","","","","100","tax","refund","l10n_ph_account_106010","41B","True","","","",""
"l10n_ph_tax_purchase_12_fwvat_ds_vat","12% FWVAT DS","79","Final Withholding VAT on Purchase of Digital Service consumed in the Philippines from the non-resident digital service providers (Private Withholding Agent)","12%","none","","percent","12","l10n_ph_tax_group_vatable","False","","100","base","invoice","","45A","","True","WV080","",""
"","","","","","","","","","","","","100","tax","invoice","l10n_ph_account_106010","45B","True","","","",""
"","","","","","","","","","","","","100","base","refund","","45A","","","","",""
"","","","","","","","","","","","","100","tax","refund","l10n_ph_account_106010","45B","True","","","",""
"l10n_ph_tax_purchase_12_fwvat_em_vat","12% FWVAT EM","81","Final Withholding VAT on the gross amount by resident e-marketplace to the non-resident sellers/merchants for the digital services sold/paid through their platform/facility","12%","none","","percent","12","l10n_ph_tax_group_vatable","False","","100","base","invoice","","45A","","True","WV100","",""
"","","","","","","","","","","","","100","tax","invoice","l10n_ph_account_106010","45B","True","","","",""
"","","","","","","","","","","","","100","base","refund","","45A","","","","",""
"","","","","","","","","","","","","100","tax","refund","l10n_ph_account_106010","45B","True","","","",""
"l10n_ph_tax_purchase_12_fwvat_lg_vat","12% FWVAT LG","83","Final Withholding VAT on Payments for lease or use of properties or property rights owned by nonresidents (Government Withholding Agent)","12%","none","","percent","12","l10n_ph_tax_group_vatable","False","","100","base","invoice","","45A","","True","WV040","",""
"","","","","","","","","","","","","100","tax","invoice","l10n_ph_account_106010","45B","True","","","",""
"","","","","","","","","","","","","100","base","refund","","45A","","","","",""
"","","","","","","","","","","","","100","tax","refund","l10n_ph_account_106010","45B","True","","","",""
"l10n_ph_tax_purchase_12_fwvat_l_vat","12% FWVAT L","85","Final Withholding VAT on Payments for lease or use of properties or property rights owned by nonresidents (Private Withholding Agent)","12%","none","","percent","12","l10n_ph_tax_group_vatable","False","","100","base","invoice","","45A","","True","WV050","",""
"","","","","","","","","","","","","100","tax","invoice","l10n_ph_account_106010","45B","True","","","",""
"","","","","","","","","","","","","100","base","refund","","45A","","","","",""
"","","","","","","","","","","","","100","tax","refund","l10n_ph_account_106010","45B","True","","","",""
"l10n_ph_tax_purchase_12_fwvat_nrg_vat","12% FWVAT NRG","87","Final Withholding VAT on Other Services rendered in the Philippines by non-residents (Government Withholding Agent)","12%","none","","percent","12","l10n_ph_tax_group_vatable","False","","100","base","invoice","","45A","","True","WV060","",""
"","","","","","","","","","","","","100","tax","invoice","l10n_ph_account_106010","45B","True","","","",""
"","","","","","","","","","","","","100","base","refund","","45A","","","","",""
"","","","","","","","","","","","","100","tax","refund","l10n_ph_account_106010","45B","True","","","",""
"l10n_ph_tax_purchase_12_fwvat_nr_vat","12% FWVAT NR","89","Final Withholding VAT on Other Services rendered in the Philippines by non-residents (Private Withholding Agent)","12%","none","","percent","12","l10n_ph_tax_group_vatable","False","","100","base","invoice","","45A","","True","WV070","",""
"","","","","","","","","","","","","100","tax","invoice","l10n_ph_account_106010","45B","True","","","",""
"","","","","","","","","","","","","100","base","refund","","45A","","","","",""
"","","","","","","","","","","","","100","tax","refund","l10n_ph_account_106010","45B","True","","","",""
"l10n_ph_tax_purchase_12_fwvat_ds_g_vat","12% FWVAT DS G","91","Final Withholding VAT on Purchase of Digital Service consumed in the Philippines from non-residents digital service providers (Government Withholding Agent)","12%","none","","percent","12","l10n_ph_tax_group_vatable","False","","100","base","invoice","","45A","","True","WV090","",""
"","","","","","","","","","","","","100","tax","invoice","l10n_ph_account_106010","45B","True","","","",""
"","","","","","","","","","","","","100","base","refund","","45A","","","","",""
"","","","","","","","","","","","","100","tax","refund","l10n_ph_account_106010","45B","True","","","",""
"l10n_ph_tax_purchase_12_fwvat_pc_vat","12% FWVAT PC","93","VAT Withholding on Purchases of Goods (with waiver of privilege to claim input tax credit) (creditable)","12%","none","","percent","12","l10n_ph_tax_group_vatable","False","","100","base","invoice","","45A","","True","WV012","",""
"","","","","","","","","","","","","100","tax","invoice","l10n_ph_account_106010","45B","True","","","",""
"","","","","","","","","","","","","100","base","refund","","45A","","","","",""
"","","","","","","","","","","","","100","tax","refund","l10n_ph_account_106010","45B","True","","","",""
"l10n_ph_tax_purchase_12_fwvat_pf_vat","12% FWVAT PF","95","VAT Withholding on Purchases of Goods (with waiver of privilege to claim input tax credit) (final)","12%","none","","percent","12","l10n_ph_tax_group_vatable","False","","100","base","invoice","","45A","","True","WV014","",""
"","","","","","","","","","","","","100","tax","invoice","l10n_ph_account_106010","45B","True","","","",""
"","","","","","","","","","","","","100","base","refund","","45A","","","","",""
"","","","","","","","","","","","","100","tax","refund","l10n_ph_account_106010","45B","True","","","",""
"l10n_ph_tax_purchase_12_fwvat_ps_c_vat","12% FWVAT PS C","97","VAT Withholding on Purchases of Services (with waiver of privilege to claim input tax credit) (creditable)","12%","none","","percent","12","l10n_ph_tax_group_vatable","False","","100","base","invoice","","45A","","True","WV022","",""
"","","","","","","","","","","","","100","tax","invoice","l10n_ph_account_106010","45B","True","","","",""
"","","","","","","","","","","","","100","base","refund","","45A","","","","",""
"","","","","","","","","","","","","100","tax","refund","l10n_ph_account_106010","45B","True","","","",""
"l10n_ph_tax_purchase_12_fwvat_ps_f_vat","12% FWVAT PS F","99","VAT Withholding on Purchases of Services (with waiver of privilege to claim input tax credit) (final)","12%","none","","percent","12","l10n_ph_tax_group_vatable","False","","100","base","invoice","","45A","","True","WV024","",""
"","","","","","","","","","","","","100","tax","invoice","l10n_ph_account_106010","45B","True","","","",""
"","","","","","","","","","","","","100","base","refund","","45A","","","","",""
"","","","","","","","","","","","","100","tax","refund","l10n_ph_account_106010","45B","True","","","",""
"l10n_ph_tax_purchase_12_fwvat_ds_rc","12% FWVAT DS RC","80","Final WH VAT-Digital Services (Private Agent)","12%","purchase","","percent","-12","l10n_ph_tax_group_withholding_tax","True","","100","base","invoice","","1601/1604FA||1600VTA","","True","WV080","",""
"","","","","","","","","","","","","100","tax","invoice","l10n_ph_account_206040","1601/1604FB||1600VTB","True","","","",""
"","","","","","","","","","","","","100","base","refund","","1601/1604FA||1600VTA","","","","",""
"","","","","","","","","","","","","100","tax","refund","l10n_ph_account_206040","1601/1604FB||1600VTB","True","","","",""
"l10n_ph_tax_purchase_12_fwvat_em_rc","12% FWVAT EM RC","82","Final WH VAT-E-Marketplace Non-Res Sellers","12%","purchase","","percent","-12","l10n_ph_tax_group_withholding_tax","True","","100","base","invoice","","1601/1604FA||1600VTA","","True","WV100","",""
"","","","","","","","","","","","","100","tax","invoice","l10n_ph_account_206040","1601/1604FB||1600VTB","True","","","",""
"","","","","","","","","","","","","100","base","refund","","1601/1604FA||1600VTA","","","","",""
"","","","","","","","","","","","","100","tax","refund","l10n_ph_account_206040","1601/1604FB||1600VTB","True","","","",""
"l10n_ph_tax_purchase_12_fwvat_lg_rc","12% FWVAT LG RC","84","Final WH VAT-Lease/Use of Property (Govt Agent)","12%","purchase","","percent","-12","l10n_ph_tax_group_withholding_tax","True","","100","base","invoice","","1601/1604FA||1600VTA","","True","WV040","",""
"","","","","","","","","","","","","100","tax","invoice","l10n_ph_account_206040","1601/1604FB||1600VTB","True","","","",""
"","","","","","","","","","","","","100","base","refund","","1601/1604FA||1600VTA","","","","",""
"","","","","","","","","","","","","100","tax","refund","l10n_ph_account_206040","1601/1604FB||1600VTB","True","","","",""
"l10n_ph_tax_purchase_12_fwvat_l_rc","12% FWVAT L RC","86","Final WH VAT-Lease/Use of Property (Priv Agent)","12%","purchase","","percent","-12","l10n_ph_tax_group_withholding_tax","True","","100","base","invoice","","1601/1604FA||1600VTA","","True","WV050","",""
"","","","","","","","","","","","","100","tax","invoice","l10n_ph_account_206040","1601/1604FB||1600VTB","True","","","",""
"","","","","","","","","","","","","100","base","refund","","1601/1604FA||1600VTA","","","","",""
"","","","","","","","","","","","","100","tax","refund","l10n_ph_account_206040","1601/1604FB||1600VTB","True","","","",""
"l10n_ph_tax_purchase_12_fwvat_nrg_rc","12% FWVAT NRG RC","88","Final WH VAT-Other Non-Res Services (Govt Agent)","12%","purchase","","percent","-12","l10n_ph_tax_group_withholding_tax","True","","100","base","invoice","","1601/1604FA||1600VTA","","True","WV060","",""
"","","","","","","","","","","","","100","tax","invoice","l10n_ph_account_206040","1601/1604FB||1600VTB","True","","","",""
"","","","","","","","","","","","","100","base","refund","","1601/1604FA||1600VTA","","","","",""
"","","","","","","","","","","","","100","tax","refund","l10n_ph_account_206040","1601/1604FB||1600VTB","True","","","",""
"l10n_ph_tax_purchase_12_fwvat_nr_rc","12% FWVAT NR RC","90","Final WH VAT-Other Non-Res Services (Priv Agent)","12%","purchase","","percent","-12","l10n_ph_tax_group_withholding_tax","True","","100","base","invoice","","1601/1604FA||1600VTA","","True","WV070","",""
"","","","","","","","","","","","","100","tax","invoice","l10n_ph_account_206040","1601/1604FB||1600VTB","True","","","",""
"","","","","","","","","","","","","100","base","refund","","1601/1604FA||1600VTA","","","","",""
"","","","","","","","","","","","","100","tax","refund","l10n_ph_account_206040","1601/1604FB||1600VTB","True","","","",""
"l10n_ph_tax_purchase_12_fwvat_ds_g_rc","12% FWVAT DS G RC","92","Final WH VAT-Digital Services (Government)","12%","purchase","","percent","-12","l10n_ph_tax_group_withholding_tax","True","","100","base","invoice","","1601/1604FA||1600VTA","","True","WV090","",""
"","","","","","","","","","","","","100","tax","invoice","l10n_ph_account_206040","1601/1604FB||1600VTB","True","","","",""
"","","","","","","","","","","","","100","base","refund","","1601/1604FA||1600VTA","","","","",""
"","","","","","","","","","","","","100","tax","refund","l10n_ph_account_206040","1601/1604FB||1600VTB","True","","","",""
"l10n_ph_tax_purchase_12_fwvat_pc_rc","12% FWVAT PC RC","94","VAT Withholding on Purchases of Goods (creditable)","12%","purchase","","percent","-12","l10n_ph_tax_group_withholding_tax","True","","100","base","invoice","","1601/1604A||1600VTA","","True","WV012","",""
"","","","","","","","","","","","","100","tax","invoice","l10n_ph_account_206040","1601/1604B||1600VTB","True","","","",""
"","","","","","","","","","","","","100","base","refund","","1601/1604A||1600VTA","","","","",""
"","","","","","","","","","","","","100","tax","refund","l10n_ph_account_206040","1601/1604B||1600VTB","True","","","",""
"l10n_ph_tax_purchase_12_fwvat_pf_rc","12% FWVAT PF RC","96","VAT Withholding on Purchases of Goods (final)","12%","purchase","","percent","-12","l10n_ph_tax_group_withholding_tax","True","","100","base","invoice","","1601/1604FA||1600VTA","","True","WV014","",""
"","","","","","","","","","","","","100","tax","invoice","l10n_ph_account_206040","1601/1604FB||1600VTB","True","","","",""
"","","","","","","","","","","","","100","base","refund","","1601/1604FA||1600VTA","","","","",""
"","","","","","","","","","","","","100","tax","refund","l10n_ph_account_206040","1601/1604FB||1600VTB","True","","","",""
"l10n_ph_tax_purchase_12_fwvat_ps_c_rc","12% FWVAT PS C RC","98","VAT Withholding on Purchases of Services (credit)","12%","purchase","","percent","-12","l10n_ph_tax_group_withholding_tax","True","","100","base","invoice","","1601/1604A||1600VTA","","True","WV022","",""
"","","","","","","","","","","","","100","tax","invoice","l10n_ph_account_206040","1601/1604B||1600VTB","True","","","",""
"","","","","","","","","","","","","100","base","refund","","1601/1604A||1600VTA","","","","",""
"","","","","","","","","","","","","100","tax","refund","l10n_ph_account_206040","1601/1604B||1600VTB","True","","","",""
"l10n_ph_tax_purchase_12_fwvat_ps_f_rc","12% FWVAT PS F RC","100","VAT Withholding on Purchases of Services (final)","12%","purchase","","percent","-12","l10n_ph_tax_group_withholding_tax","True","","100","base","invoice","","1601/1604FA||1600VTA","","True","WV024","",""
"","","","","","","","","","","","","100","tax","invoice","l10n_ph_account_206040","1601/1604FB||1600VTB","True","","","",""
"","","","","","","","","","","","","100","base","refund","","1601/1604FA||1600VTA","","","","",""
"","","","","","","","","","","","","100","tax","refund","l10n_ph_account_206040","1601/1604FB||1600VTB","True","","","",""
"l10n_ph_tax_purchase_12_fwvat_ds","12% FWVAT DS","22","Final Withholding VAT on Purchase of Digital Service consumed in the Philippines from the non-resident digital service providers (Private Withholding Agent)","12%","purchase","","group","100","l10n_ph_tax_group_vatable","False","l10n_ph_tax_purchase_12_fwvat_ds_vat,l10n_ph_tax_purchase_12_fwvat_ds_rc","","","","","","","True","WV080","",""
"l10n_ph_tax_purchase_12_fwvat_em","12% FWVAT EM","23","Final Withholding VAT on the gross amount by resident e-marketplace to the non-resident sellers/merchants for the digital services sold/paid through their platform/facility","12%","purchase","","group","100","l10n_ph_tax_group_vatable","False","l10n_ph_tax_purchase_12_fwvat_em_vat,l10n_ph_tax_purchase_12_fwvat_em_rc","","","","","","","True","WV100","",""
"l10n_ph_tax_purchase_12_fwvat_lg","12% FWVAT LG","24","Final Withholding VAT on Payments for lease or use of properties or property rights owned by nonresidents (Government Withholding Agent)","12%","purchase","","group","100","l10n_ph_tax_group_vatable","False","l10n_ph_tax_purchase_12_fwvat_lg_vat,l10n_ph_tax_purchase_12_fwvat_lg_rc","","","","","","","False","WV040","",""
"l10n_ph_tax_purchase_12_fwvat_l","12% FWVAT L","25","Final Withholding VAT on Payments for lease or use of properties or property rights owned by nonresidents (Private Withholding Agent)","12%","purchase","","group","100","l10n_ph_tax_group_vatable","False","l10n_ph_tax_purchase_12_fwvat_l_vat,l10n_ph_tax_purchase_12_fwvat_l_rc","","","","","","","False","WV050","",""
"l10n_ph_tax_purchase_12_fwvat_nrg","12% FWVAT NRG","26","Final Withholding VAT on Other Services rendered in the Philippines by non-residents (Government Withholding Agent)","12%","purchase","","group","100","l10n_ph_tax_group_vatable","False","l10n_ph_tax_purchase_12_fwvat_nrg_vat,l10n_ph_tax_purchase_12_fwvat_nrg_rc","","","","","","","False","WV060","",""
"l10n_ph_tax_purchase_12_fwvat_nr","12% FWVAT NR","27","Final Withholding VAT on Other Services rendered in the Philippines by non-residents (Private Withholding Agent)","12%","purchase","","group","100","l10n_ph_tax_group_vatable","False","l10n_ph_tax_purchase_12_fwvat_nr_vat,l10n_ph_tax_purchase_12_fwvat_nr_rc","","","","","","","False","WV070","",""
"l10n_ph_tax_purchase_12_fwvat_ds_g","12% FWVAT DS G","28","Final Withholding VAT on Purchase of Digital Service consumed in the Philippines from non-residents digital service providers (Government Withholding Agent)","12%","purchase","","group","100","l10n_ph_tax_group_vatable","False","l10n_ph_tax_purchase_12_fwvat_ds_g_vat,l10n_ph_tax_purchase_12_fwvat_ds_g_rc","","","","","","","False","WV090","",""
"l10n_ph_tax_purchase_12_fwvat_pc","12% FWVAT PC","29","VAT Withholding on Purchases of Goods (with waiver of privilege to claim input tax credit) (creditable)","12%","purchase","","group","100","l10n_ph_tax_group_vatable","False","l10n_ph_tax_purchase_12_fwvat_pc_vat,l10n_ph_tax_purchase_12_fwvat_pc_rc","","","","","","","False","WV012","",""
"l10n_ph_tax_purchase_12_fwvat_pf","12% FWVAT PF","30","VAT Withholding on Purchases of Goods (with waiver of privilege to claim input tax credit) (final)","12%","purchase","","group","100","l10n_ph_tax_group_vatable","False","l10n_ph_tax_purchase_12_fwvat_pf_vat,l10n_ph_tax_purchase_12_fwvat_pf_rc","","","","","","","False","WV014","",""
"l10n_ph_tax_purchase_12_fwvat_ps_c","12% FWVAT PS C","31","VAT Withholding on Purchases of Services (with waiver of privilege to claim input tax credit) (creditable)","12%","purchase","","group","100","l10n_ph_tax_group_vatable","False","l10n_ph_tax_purchase_12_fwvat_ps_c_vat,l10n_ph_tax_purchase_12_fwvat_ps_c_rc","","","","","","","False","WV022","",""
"l10n_ph_tax_purchase_12_fwvat_ps_f","12% FWVAT PS F","32","VAT Withholding on Purchases of Services (with waiver of privilege to claim input tax credit) (final)","12%","purchase","","group","100","l10n_ph_tax_group_vatable","False","l10n_ph_tax_purchase_12_fwvat_ps_f_vat,l10n_ph_tax_purchase_12_fwvat_ps_f_rc","","","","","","","False","WV024","",""
"l10n_ph_tax_sale_5_wvat10","5% WVAT","33","VAT Withheld by the government or any of its political subdivisions, instrumentalities, or agencies including GOCCs","5%","sale","consu","percent","-5","l10n_ph_tax_group_withholding_tax","True","","100","base","invoice","","1600VTA","","False","WV010","",""
"","","","","","","","","","","","","100","tax","invoice","l10n_ph_account_206010","16B||1600VTB","True","","","",""
"","","","","","","","","","","","","100","base","refund","","1600VTA","","","","",""
"","","","","","","","","","","","","100","tax","refund","l10n_ph_account_206010","16B||1600VTB","True","","","",""
"l10n_ph_tax_sale_5_wvat20","5% WVAT","34","VAT Withheld by the government or any of its political subdivisions, instrumentalities, or agencies including GOCCs","5%","sale","service","percent","-5","l10n_ph_tax_group_withholding_tax","True","","100","base","invoice","","1600VTA","","False","WV020","",""
"","","","","","","","","","","","","100","tax","invoice","l10n_ph_account_206010","16B||1600VTB","True","","","",""
"","","","","","","","","","","","","100","base","refund","","1600VTA","","","","",""
"","","","","","","","","","","","","100","tax","refund","l10n_ph_account_206010","16B||1600VTB","True","","","",""
"l10n_ph_tax_purchase_5_wvat10","5% WVAT","35","VAT Withheld by the government or any of its political subdivisions, instrumentalities, or agencies including GOCCs","5%","purchase","consu","percent","-5","l10n_ph_tax_group_withholding_tax","True","","100","base","invoice","","1600VTA","","False","WV010","",""
"","","","","","","","","","","","","100","tax","invoice","l10n_ph_account_202020","1600VTB","True","","","",""
"","","","","","","","","","","","","100","base","refund","","1600VTA","","","","",""
"","","","","","","","","","","","","100","tax","refund","l10n_ph_account_202020","1600VTB","True","","","",""
"l10n_ph_tax_purchase_5_wvat20","5% WVAT","36","VAT Withheld by the government or any of its political subdivisions, instrumentalities, or agencies including GOCCs","5%","purchase","service","percent","-5","l10n_ph_tax_group_withholding_tax","True","","100","base","invoice","","1600VTA","","False","WV020","",""
"","","","","","","","","","","","","100","tax","invoice","l10n_ph_account_202020","1600VTB","True","","","",""
"","","","","","","","","","","","","100","base","refund","","1600VTA","","","","",""
"","","","","","","","","","","","","100","tax","refund","l10n_ph_account_202020","1600VTB","True","","","",""
"l10n_ph_tax_purchase_10_wi011","10% WI011","37","Prof Fees","10%","purchase","","percent","-10","l10n_ph_tax_group_withholding_tax","True","","100","base","invoice","","1601/1604A","","True","WI011","",""
"","","","","","","","","","","","","100","tax","invoice","l10n_ph_account_206020","1601/1604B","False","","","",""
"","","","","","","","","","","","","100","base","refund","","1601/1604A","","","","",""
"","","","","","","","","","","","","100","tax","refund","l10n_ph_account_206020","1601/1604B","False","","","",""
"l10n_ph_tax_purchase_10_wi011_exempt","10% WI011 EXEMPT","38","Prof Fees (Exempted)","Exempt","purchase","","percent","0","l10n_ph_tax_group_withholding_tax","False","","100","base","invoice","","1601/1604EX","","False","WI011","",""
"","","","","","","","","","","","","100","tax","invoice","l10n_ph_account_206020","","False","","","",""
"","","","","","","","","","","","","100","base","refund","","1601/1604EX","","","","",""
"","","","","","","","","","","","","100","tax","refund","l10n_ph_account_206020","","False","","","",""
"l10n_ph_tax_sale_10_wi011","10% WI011","39","Prof Fees","10%","sale","","percent","-10","l10n_ph_tax_group_withholding_tax","True","","100","base","invoice","","1701/1702A","","True","WI011","",""
"","","","","","","","","","","","","100","tax","invoice","l10n_ph_account_106030","1701/1702B","False","","","",""
"","","","","","","","","","","","","100","base","refund","","1701/1702A","","","","",""
"","","","","","","","","","","","","100","tax","refund","l10n_ph_account_106030","1701/1702B","False","","","",""
"l10n_ph_tax_purchase_5_wi100","5% WI100","40","Gross rental of property","5%","purchase","","percent","-5","l10n_ph_tax_group_withholding_tax","True","","100","base","invoice","","1601/1604A","","True","WI100","",""
"","","","","","","","","","","","","100","tax","invoice","l10n_ph_account_206020","1601/1604B","False","","","",""
"","","","","","","","","","","","","100","base","refund","","1601/1604A","","","","",""
"","","","","","","","","","","","","100","tax","refund","l10n_ph_account_206020","1601/1604B","False","","","",""
"l10n_ph_tax_purchase_5_wi100_exempt","5% WI100 EXEMPT","41","Gross rental of property (Exempted)","Exempt","purchase","","percent","0","l10n_ph_tax_group_withholding_tax","False","","100","base","invoice","","1601/1604EX","","False","WI100","",""
"","","","","","","","","","","","","100","tax","invoice","l10n_ph_account_206020","","False","","","",""
"","","","","","","","","","","","","100","base","refund","","1601/1604EX","","","","",""
"","","","","","","","","","","","","100","tax","refund","l10n_ph_account_206020","","False","","","",""
"l10n_ph_tax_sale_5_wi100","5% WI100","42","Gross rental of property","5%","sale","","percent","-5","l10n_ph_tax_group_withholding_tax","True","","100","base","invoice","","1701/1702A","","True","WI100","",""
"","","","","","","","","","","","","100","tax","invoice","l10n_ph_account_106030","1701/1702B","False","","","",""
"","","","","","","","","","","","","100","base","refund","","1701/1702A","","","","",""
"","","","","","","","","","","","","100","tax","refund","l10n_ph_account_106030","1701/1702B","False","","","",""
"l10n_ph_tax_purchase_2_wi120","2% WI120","43","Contractors","2%","purchase","","percent","-2","l10n_ph_tax_group_withholding_tax","True","","100","base","invoice","","1601/1604A","","True","WI120","",""
"","","","","","","","","","","","","100","tax","invoice","l10n_ph_account_206020","1601/1604B","False","","","",""
"","","","","","","","","","","","","100","base","refund","","1601/1604A","","","","",""
"","","","","","","","","","","","","100","tax","refund","l10n_ph_account_206020","1601/1604B","False","","","",""
"l10n_ph_tax_purchase_2_wi120_exempt","2% WI120 EXEMPT","44","Contractors (Exempted)","Exempt","purchase","","percent","0","l10n_ph_tax_group_withholding_tax","False","","100","base","invoice","","1601/1604EX","","False","WI120","",""
"","","","","","","","","","","","","100","tax","invoice","l10n_ph_account_206020","","False","","","",""
"","","","","","","","","","","","","100","base","refund","","1601/1604EX","","","","",""
"","","","","","","","","","","","","100","tax","refund","l10n_ph_account_206020","","False","","","",""
"l10n_ph_tax_sale_2_wi120","2% WI120","45","Contractors","2%","sale","","percent","-2","l10n_ph_tax_group_withholding_tax","True","","100","base","invoice","","1701/1702A","","True","WI120","",""
"","","","","","","","","","","","","100","tax","invoice","l10n_ph_account_106030","1701/1702B","False","","","",""
"","","","","","","","","","","","","100","base","refund","","1701/1702A","","","","",""
"","","","","","","","","","","","","100","tax","refund","l10n_ph_account_106030","1701/1702B","False","","","",""
"l10n_ph_tax_purchase_10_wi516","10% WI516","46","Commission/rebates/discounts","10%","purchase","","percent","-10","l10n_ph_tax_group_withholding_tax","True","","100","base","invoice","","1601/1604A","","True","WI516","",""
"","","","","","","","","","","","","100","tax","invoice","l10n_ph_account_206020","1601/1604B","False","","","",""
"","","","","","","","","","","","","100","base","refund","","1601/1604A","","","","",""
"","","","","","","","","","","","","100","tax","refund","l10n_ph_account_206020","1601/1604B","False","","","",""
"l10n_ph_tax_purchase_10_wi516_exempt","10% WI516 EXEMPT","47","Commission/rebates/discounts (Exempted)","Exempt","purchase","","percent","0","l10n_ph_tax_group_withholding_tax","False","","100","base","invoice","","1601/1604EX","","False","WI516","",""
"","","","","","","","","","","","","100","tax","invoice","l10n_ph_account_206020","","False","","","",""
"","","","","","","","","","","","","100","base","refund","","1601/1604EX","","","","",""
"","","","","","","","","","","","","100","tax","refund","l10n_ph_account_206020","","False","","","",""
"l10n_ph_tax_sale_10_wi516","10% WI516","48","Commission/rebates/discounts","10%","sale","","percent","-10","l10n_ph_tax_group_withholding_tax","True","","100","base","invoice","","1701/1702A","","True","WI516","",""
"","","","","","","","","","","","","100","tax","invoice","l10n_ph_account_106030","1701/1702B","False","","","",""
"","","","","","","","","","","","","100","base","refund","","1701/1702A","","","","",""
"","","","","","","","","","","","","100","tax","refund","l10n_ph_account_106030","1701/1702B","False","","","",""
"l10n_ph_tax_purchase_15_wc011","15% WC011","49","Prof Fees","15%","purchase","","percent","-15","l10n_ph_tax_group_withholding_tax","True","","100","base","invoice","","1601/1604A","","True","WC011","",""
"","","","","","","","","","","","","100","tax","invoice","l10n_ph_account_206020","1601/1604B","False","","","",""
"","","","","","","","","","","","","100","base","refund","","1601/1604A","","","","",""
"","","","","","","","","","","","","100","tax","refund","l10n_ph_account_206020","1601/1604B","False","","","",""
"l10n_ph_tax_purchase_15_wc011_exempt","15% WC011 EXEMPT","50","Prof Fees (Exempted)","Exempt","purchase","","percent","0","l10n_ph_tax_group_withholding_tax","False","","100","base","invoice","","1601/1604EX","","False","WC011","",""
"","","","","","","","","","","","","100","tax","invoice","l10n_ph_account_206020","","False","","","",""
"","","","","","","","","","","","","100","base","refund","","1601/1604EX","","","","",""
"","","","","","","","","","","","","100","tax","refund","l10n_ph_account_206020","","False","","","",""
"l10n_ph_tax_sale_15_wc011","15% WC011","51","Prof Fees","15%","sale","","percent","-15","l10n_ph_tax_group_withholding_tax","True","","100","base","invoice","","1701/1702A","","True","WC011","",""
"","","","","","","","","","","","","100","tax","invoice","l10n_ph_account_106030","1701/1702B","False","","","",""
"","","","","","","","","","","","","100","base","refund","","1701/1702A","","","","",""
"","","","","","","","","","","","","100","tax","refund","l10n_ph_account_106030","1701/1702B","False","","","",""
"l10n_ph_tax_purchase_5_wc100","5% WC100","52","Gross rental of property","5%","purchase","","percent","-5","l10n_ph_tax_group_withholding_tax","True","","100","base","invoice","","1601/1604A","","True","WC100","",""
"","","","","","","","","","","","","100","tax","invoice","l10n_ph_account_206020","1601/1604B","False","","","",""
"","","","","","","","","","","","","100","base","refund","","1601/1604A","","","","",""
"","","","","","","","","","","","","100","tax","refund","l10n_ph_account_206020","1601/1604B","False","","","",""
"l10n_ph_tax_purchase_5_wc100_exempt","5% WC100 EXEMPT","53","Gross rental of property (Exempted)","Exempt","purchase","","percent","0","l10n_ph_tax_group_withholding_tax","False","","100","base","invoice","","1601/1604EX","","False","WC100","",""
"","","","","","","","","","","","","100","tax","invoice","l10n_ph_account_206020","","False","","","",""
"","","","","","","","","","","","","100","base","refund","","1601/1604EX","","","","",""
"","","","","","","","","","","","","100","tax","refund","l10n_ph_account_206020","","False","","","",""
"l10n_ph_tax_sale_5_wc100","5% WC100","54","Gross rental of property","5%","sale","","percent","-5","l10n_ph_tax_group_withholding_tax","True","","100","base","invoice","","1701/1702A","","True","WC100","",""
"","","","","","","","","","","","","100","tax","invoice","l10n_ph_account_106030","1701/1702B","False","","","",""
"","","","","","","","","","","","","100","base","refund","","1701/1702A","","","","",""
"","","","","","","","","","","","","100","tax","refund","l10n_ph_account_106030","1701/1702B","False","","","",""
"l10n_ph_tax_purchase_10_wc516","10% WC516","55","Commission/rebates/discounts","10%","purchase","","percent","-10","l10n_ph_tax_group_withholding_tax","True","","100","base","invoice","","1601/1604A","","True","WC516","",""
"","","","","","","","","","","","","100","tax","invoice","l10n_ph_account_206020","1601/1604B","False","","","",""
"","","","","","","","","","","","","100","base","refund","","1601/1604A","","","","",""
"","","","","","","","","","","","","100","tax","refund","l10n_ph_account_206020","1601/1604B","False","","","",""
"l10n_ph_tax_purchase_10_wc516_exempt","10% WC516 EXEMPT","56","Commission/rebates/discounts (Exempted)","Exempt","purchase","","percent","0","l10n_ph_tax_group_withholding_tax","False","","100","base","invoice","","1601/1604EX","","False","WC516","",""
"","","","","","","","","","","","","100","tax","invoice","l10n_ph_account_206020","","False","","","",""
"","","","","","","","","","","","","100","base","refund","","1601/1604EX","","","","",""
"","","","","","","","","","","","","100","tax","refund","l10n_ph_account_206020","","False","","","",""
"l10n_ph_tax_sale_10_wc516","10% WC516","57","Commission/rebates/discounts","10%","sale","","percent","-10","l10n_ph_tax_group_withholding_tax","True","","100","base","invoice","","1701/1702A","","True","WC516","",""
"","","","","","","","","","","","","100","tax","invoice","l10n_ph_account_106030","1701/1702B","False","","","",""
"","","","","","","","","","","","","100","base","refund","","1701/1702A","","","","",""
"","","","","","","","","","","","","100","tax","refund","l10n_ph_account_106030","1701/1702B","False","","","",""
"l10n_ph_tax_purchase_0_5_wc820","0.5% WC820","58","Gross remittances by e-marketplace operators to the sellers/merchants for the goods or services sold/paid through their platform/facility","0.5%","purchase","","percent","-0.5","l10n_ph_tax_group_withholding_tax","True","","100","base","invoice","","1601/1604A","","True","WC820","",""
"","","","","","","","","","","","","100","tax","invoice","l10n_ph_account_106030","1601/1604B","False","","","",""
"","","","","","","","","","","","","100","base","refund","","1601/1604A","","","","",""
"","","","","","","","","","","","","100","tax","refund","l10n_ph_account_106030","1601/1604B","False","","","",""
"l10n_ph_tax_purchase_0_5_wc830","0.5% WC830","59","Gross remittances by digital financial services providers to the sellers/merchants for the goods or services sold/paid through their platform/facility","0.5%","purchase","","percent","-0.5","l10n_ph_tax_group_withholding_tax","True","","100","base","invoice","","1601/1604A","","True","WC830","",""
"","","","","","","","","","","","","100","tax","invoice","l10n_ph_account_106030","1601/1604B","False","","","",""
"","","","","","","","","","","","","100","base","refund","","1601/1604A","","","","",""
"","","","","","","","","","","","","100","tax","refund","l10n_ph_account_106030","1601/1604B","False","","","",""
"l10n_ph_tax_sale_0_5_wc820","0.5% WC820","60","Gross remittances by e-marketplace operators to the sellers/merchants for the goods or services sold/paid through their platform/facility","0.5%","sale","","percent","-0.5","l10n_ph_tax_group_withholding_tax","True","","100","base","invoice","","1701/1702A","","True","WC820","",""
"","","","","","","","","","","","","100","tax","invoice","l10n_ph_account_106030","1701/1702B","False","","","",""
"","","","","","","","","","","","","100","base","refund","","1701/1702A","","","","",""
"","","","","","","","","","","","","100","tax","refund","l10n_ph_account_106030","1701/1702B","False","","","",""
"l10n_ph_tax_sale_0_5_wc830","0.5% WC830","61","Gross remittances by digital financial services providers to the sellers/merchants for the goods or services sold/paid through their platform/facility","0.5%","sale","","percent","-0.5","l10n_ph_tax_group_withholding_tax","True","","100","base","invoice","","1701/1702A","","True","WC830","",""
"","","","","","","","","","","","","100","tax","invoice","l10n_ph_account_106030","1701/1702B","False","","","",""
"","","","","","","","","","","","","100","base","refund","","1701/1702A","","","","",""
"","","","","","","","","","","","","100","tax","refund","l10n_ph_account_106030","1701/1702B","False","","","",""
"l10n_ph_tax_purchase_25_wc830","25% WC830","62","On other payments to NRFCs","25%","purchase","","percent","-25","l10n_ph_tax_group_withholding_tax","True","","100","base","invoice","","1601/1604FA","","True","WC230","",""
"","","","","","","","","","","","","100","tax","invoice","l10n_ph_account_206040","1601/1604FB","False","","","",""
"","","","","","","","","","","","","100","base","refund","","1601/1604FA","","","","",""
"","","","","","","","","","","","","100","tax","refund","l10n_ph_account_206040","1601/1604FB","False","","","",""
"l10n_ph_tax_sale_wc640_sup_g","1% WC640 Sup G","63","Income payments made by the government and government-owned and controlled corporations (GOCCs) to its local/resident suppliers of goods other than those covered by other rates of withholding tax","1%","sale","consu","percent","-1","l10n_ph_tax_group_withholding_tax","True","","100","base","invoice","","1701/1702A","","True","WC640","",""
"","","","","","","","","","","","","100","tax","invoice","l10n_ph_account_106030","1701/1702B","False","","","",""
"","","","","","","","","","","","","100","base","refund","","1701/1702A","","","","",""
"","","","","","","","","","","","","100","tax","refund","l10n_ph_account_106030","1701/1702B","False","","","",""
"l10n_ph_tax_purchase_wc640_sup_g","1% WC640 Sup G","64","Income payments made by the government and government-owned and controlled corporations (GOCCs) to its local/resident suppliers of goods other than those covered by other rates of withholding tax","1%","purchase","consu","percent","-1","l10n_ph_tax_group_withholding_tax","True","","100","base","invoice","","1601/1604A","","True","WC640","",""
"","","","","","","","","","","","","100","tax","invoice","l10n_ph_account_206020","1601/1604B","False","","","",""
"","","","","","","","","","","","","100","base","refund","","1601/1604A","","","","",""
"","","","","","","","","","","","","100","tax","refund","l10n_ph_account_206020","1601/1604B","False","","","",""
"l10n_ph_tax_sale_wi640_sup_g","1% WI640 Sup G","65","Income payments made by the government and government-owned and controlled corporations (GOCCs) to its local/resident suppliers of goods other than those covered by other rates of withholding tax","1%","sale","consu","percent","-1","l10n_ph_tax_group_withholding_tax","True","","100","base","invoice","","1701/1702A","","True","WI640","",""
"","","","","","","","","","","","","100","tax","invoice","l10n_ph_account_106030","1701/1702B","False","","","",""
"","","","","","","","","","","","","100","base","refund","","1701/1702A","","","","",""
"","","","","","","","","","","","","100","tax","refund","l10n_ph_account_106030","1701/1702B","False","","","",""
"l10n_ph_tax_purchase_wi640_sup_g","1% WI640 Sup G","66","Income payments made by the government and government-owned and controlled corporations (GOCCs) to its local/resident suppliers of goods other than those covered by other rates of withholding tax","1%","purchase","consu","percent","-1","l10n_ph_tax_group_withholding_tax","True","","100","base","invoice","","1601/1604A","","True","WI640","",""
"","","","","","","","","","","","","100","tax","invoice","l10n_ph_account_206020","1601/1604B","False","","","",""
"","","","","","","","","","","","","100","base","refund","","1601/1604A","","","","",""
"","","","","","","","","","","","","100","tax","refund","l10n_ph_account_206020","1601/1604B","False","","","",""
"l10n_ph_tax_purchase_wi157_sup_g","2% WI157 Sup G","67","Income payments made by the government and government-owned and controlled corporations (GOCCs) to its local/resident suppliers of services other than those covered by other rates of withholding tax","2%","purchase","service","percent","-2","l10n_ph_tax_group_withholding_tax","True","","100","base","invoice","","1601/1604A","","True","WI157","",""
"","","","","","","","","","","","","100","tax","invoice","l10n_ph_account_206020","1601/1604B","False","","","",""
"","","","","","","","","","","","","100","base","refund","","1601/1604A","","","","",""
"","","","","","","","","","","","","100","tax","refund","l10n_ph_account_206020","1601/1604B","False","","","",""
"l10n_ph_tax_sale_wi157_sup_g","2% WI157 Sup G","68","Income payments made by the government and government-owned and controlled corporations (GOCCs) to its local/resident suppliers of services other than those covered by other rates of withholding tax","2%","sale","service","percent","-2","l10n_ph_tax_group_withholding_tax","True","","100","base","invoice","","1701/1702A","","True","WI157","",""
"","","","","","","","","","","","","100","tax","invoice","l10n_ph_account_106030","1701/1702B","False","","","",""
"","","","","","","","","","","","","100","base","refund","","1701/1702A","","","","",""
"","","","","","","","","","","","","100","tax","refund","l10n_ph_account_106030","1701/1702B","False","","","",""
"l10n_ph_tax_purchase_wc157_sup_g","2% WC157 Sup G","69","Income payments made by the government and government-owned and controlled corporations (GOCCs) to its local/resident suppliers of services other than those covered by other rates of withholding tax","2%","purchase","service","percent","-2","l10n_ph_tax_group_withholding_tax","True","","100","base","invoice","","1601/1604A","","True","WC157","",""
"","","","","","","","","","","","","100","tax","invoice","l10n_ph_account_206020","1601/1604B","False","","","",""
"","","","","","","","","","","","","100","base","refund","","1601/1604A","","","","",""
"","","","","","","","","","","","","100","tax","refund","l10n_ph_account_206020","1601/1604B","False","","","",""
"l10n_ph_tax_sale_wc157_sup_g","2% WC157 Sup G","70","Income payments made by the government and government-owned and controlled corporations (GOCCs) to its local/resident suppliers of services other than those covered by other rates of withholding tax","2%","sale","service","percent","-2","l10n_ph_tax_group_withholding_tax","True","","100","base","invoice","","1701/1702A","","True","WC157","",""
"","","","","","","","","","","","","100","tax","invoice","l10n_ph_account_106030","1701/1702B","False","","","",""
"","","","","","","","","","","","","100","base","refund","","1701/1702A","","","","",""
"","","","","","","","","","","","","100","tax","refund","l10n_ph_account_106030","1701/1702B","False","","","",""
"l10n_ph_tax_sale_wc158","1% WC158","71","Income payment made by top withholding agents to their local/resident supplier of goods other than those covered by other rates of withholding tax","1%","sale","consu","percent","-1","l10n_ph_tax_group_withholding_tax","True","","100","base","invoice","","1701/1702A","","True","WC158","",""
"","","","","","","","","","","","","100","tax","invoice","l10n_ph_account_106030","1701/1702B","False","","","",""
"","","","","","","","","","","","","100","base","refund","","1701/1702A","","","","",""
"","","","","","","","","","","","","100","tax","refund","l10n_ph_account_106030","1701/1702B","False","","","",""
"l10n_ph_tax_purchase_wc158","1% WC158","72","Income payment made by top withholding agents to their local/resident supplier of goods other than those covered by other rates of withholding tax","1%","purchase","consu","percent","-1","l10n_ph_tax_group_withholding_tax","True","","100","base","invoice","","1601/1604A","","True","WC158","",""
"","","","","","","","","","","","","100","tax","invoice","l10n_ph_account_206020","1601/1604B","False","","","",""
"","","","","","","","","","","","","100","base","refund","","1601/1604A","","","","",""
"","","","","","","","","","","","","100","tax","refund","l10n_ph_account_206020","1601/1604B","False","","","",""
"l10n_ph_tax_sale_wi158","1% WI158","73","Income payment made by top withholding agents to their local/resident supplier of goods other than those covered by other rates of withholding tax","1%","sale","consu","percent","-1","l10n_ph_tax_group_withholding_tax","True","","100","base","invoice","","1701/1702A","","True","WI158","",""
"","","","","","","","","","","","","100","tax","invoice","l10n_ph_account_106030","1701/1702B","False","","","",""
"","","","","","","","","","","","","100","base","refund","","1701/1702A","","","","",""
"","","","","","","","","","","","","100","tax","refund","l10n_ph_account_106030","1701/1702B","False","","","",""
"l10n_ph_tax_purchase_wi158","1% WI158","74","Income payment made by top withholding agents to their local/resident supplier of goods other than those covered by other rates of withholding tax","1%","purchase","consu","percent","-1","l10n_ph_tax_group_withholding_tax","True","","100","base","invoice","","1601/1604A","","True","WI158","",""
"","","","","","","","","","","","","100","tax","invoice","l10n_ph_account_206020","1601/1604B","False","","","",""
"","","","","","","","","","","","","100","base","refund","","1601/1604A","","","","",""
"","","","","","","","","","","","","100","tax","refund","l10n_ph_account_206020","1601/1604B","False","","","",""
"l10n_ph_tax_purchase_wi160","2% WI160","75","Income payment made by top withholding agents to their local/resident supplier of services other than those covered by other rates of withholding tax","2%","purchase","service","percent","-2","l10n_ph_tax_group_withholding_tax","True","","100","base","invoice","","1601/1604A","","True","WI160","",""
"","","","","","","","","","","","","100","tax","invoice","l10n_ph_account_206020","1601/1604B","False","","","",""
"","","","","","","","","","","","","100","base","refund","","1601/1604A","","","","",""
"","","","","","","","","","","","","100","tax","refund","l10n_ph_account_206020","1601/1604B","False","","","",""
"l10n_ph_tax_sale_wi160","2% WI160","76","Income payment made by top withholding agents to their local/resident supplier of services other than those covered by other rates of withholding tax","2%","sale","service","percent","-2","l10n_ph_tax_group_withholding_tax","True","","100","base","invoice","","1701/1702A","","True","WI160","",""
"","","","","","","","","","","","","100","tax","invoice","l10n_ph_account_106030","1701/1702B","False","","","",""
"","","","","","","","","","","","","100","base","refund","","1701/1702A","","","","",""
"","","","","","","","","","","","","100","tax","refund","l10n_ph_account_106030","1701/1702B","False","","","",""
"l10n_ph_tax_purchase_wc160","2% WC160","77","Income payment made by top withholding agents to their local/resident supplier of services other than those covered by other rates of withholding tax","2%","purchase","service","percent","-2","l10n_ph_tax_group_withholding_tax","True","","100","base","invoice","","1601/1604A","","True","WC160","",""
"","","","","","","","","","","","","100","tax","invoice","l10n_ph_account_206020","1601/1604B","False","","","",""
"","","","","","","","","","","","","100","base","refund","","1601/1604A","","","","",""
"","","","","","","","","","","","","100","tax","refund","l10n_ph_account_206020","1601/1604B","False","","","",""
"l10n_ph_tax_sale_wc160","2% WC160","78","Income payment made by top withholding agents to their local/resident supplier of services other than those covered by other rates of withholding tax","2%","sale","service","percent","-2","l10n_ph_tax_group_withholding_tax","True","","100","base","invoice","","1701/1702A","","True","WC160","",""
"","","","","","","","","","","","","100","tax","invoice","l10n_ph_account_106030","1701/1702B","False","","","",""
"","","","","","","","","","","","","100","base","refund","","1701/1702A","","","","",""
"","","","","","","","","","","","","100","tax","refund","l10n_ph_account_106030","1701/1702B","False","","","",""
"l10n_ph_tax_sale_3_pt010","3% PT010","2","Persons exempt from VAT under Sec. 109(BB) (Sec. 116)","VAT Exempt","sale","","percent","3","l10n_ph_tax_group_percentage_tax","False","","100","base","invoice","","PT010A","","False","PT010","",""
"","","","","","","","","","","","","100","tax","invoice","l10n_ph_account_206025","","False","","","",""
"","","","","","","","","","","","","-100","tax","invoice","l10n_ph_account_602050","","False","","","",""
"","","","","","","","","","","","","100","base","refund","","PT010A","","","","",""
"","","","","","","","","","","","","100","tax","refund","l10n_ph_account_206025","","False","","","",""
"","","","","","","","","","","","","-100","tax","refund","l10n_ph_account_602050","","False","","","",""
"l10n_ph_tax_sale_3_pt040","3% PT040","4","Domestic carriers and keepers of garages (Sec. 117)","VAT Exempt","sale","","percent","3","l10n_ph_tax_group_percentage_tax","False","","100","base","invoice","","PT040A","","False","PT040","",""
"","","","","","","","","","","","","100","tax","invoice","l10n_ph_account_206025","","False","","","",""
"","","","","","","","","","","","","-100","tax","invoice","l10n_ph_account_602050","","False","","","",""
"","","","","","","","","","","","","100","base","refund","","PT040A","","","","",""
"","","","","","","","","","","","","100","tax","refund","l10n_ph_account_206025","","False","","","",""
"","","","","","","","","","","","","-100","tax","refund","l10n_ph_account_602050","","False","","","",""
"l10n_ph_tax_sale_5_pt105","5% PT105","6","On interest, commissions and discounts from lending activities (5 years or less)","VAT Exempt","sale","","percent","5","l10n_ph_tax_group_percentage_tax","False","","100","base","invoice","","PT105A","","False","PT105","",""
"","","","","","","","","","","","","100","tax","invoice","l10n_ph_account_206025","","False","","","",""
"","","","","","","","","","","","","-100","tax","invoice","l10n_ph_account_602050","","False","","","",""
"","","","","","","","","","","","","100","base","refund","","PT105A","","","","",""
"","","","","","","","","","","","","100","tax","refund","l10n_ph_account_206025","","False","","","",""
"","","","","","","","","","","","","-100","tax","refund","l10n_ph_account_602050","","False","","","",""
"l10n_ph_tax_sale_5_pt113","5% PT113","7","On interest, commissions and discounts from lending activities (5 years or less)","VAT Exempt","sale","","percent","5","l10n_ph_tax_group_percentage_tax","False","","100","base","invoice","","PT113A","","False","PT113","",""
"","","","","","","","","","","","","100","tax","invoice","l10n_ph_account_206025","","False","","","",""
"","","","","","","","","","","","","-100","tax","invoice","l10n_ph_account_602050","","False","","","",""
"","","","","","","","","","","","","100","base","refund","","PT113A","","","","",""
"","","","","","","","","","","","","100","tax","refund","l10n_ph_account_206025","","False","","","",""
"","","","","","","","","","","","","-100","tax","refund","l10n_ph_account_602050","","False","","","",""
"l10n_ph_tax_sale_5_pt115","5% PT115","9","From all other items treated as gross income under the code","VAT Exempt","sale","","percent","5","l10n_ph_tax_group_percentage_tax","False","","100","base","invoice","","PT115A","","False","PT115","",""
"","","","","","","","","","","","","100","tax","invoice","l10n_ph_account_206025","","False","","","",""
"","","","","","","","","","","","","-100","tax","invoice","l10n_ph_account_602050","","False","","","",""
"","","","","","","","","","","","","100","base","refund","","PT115A","","","","",""
"","","","","","","","","","","","","100","tax","refund","l10n_ph_account_206025","","False","","","",""
"","","","","","","","","","","","","-100","tax","refund","l10n_ph_account_602050","","False","","","",""
"l10n_ph_tax_sale_4_pt130","4% PT130","5","Insurance Agents","VAT Exempt","sale","","percent","4","l10n_ph_tax_group_percentage_tax","False","","100","base","invoice","","PT130A","","False","PT130","",""
"","","","","","","","","","","","","100","tax","invoice","l10n_ph_account_206025","","False","","","",""
"","","","","","","","","","","","","-100","tax","invoice","l10n_ph_account_602050","","False","","","",""
"","","","","","","","","","","","","100","base","refund","","PT130A","","","","",""
"","","","","","","","","","","","","100","tax","refund","l10n_ph_account_206025","","False","","","",""
"","","","","","","","","","","","","-100","tax","refund","l10n_ph_account_602050","","False","","","",""
"l10n_ph_tax_sale_0_exempt_sc_pwd","0% EXEMPT FOR SC/PWD USE","8","0% EXEMPT FOR SC/PWD USE","VAT Exempt","sale","","percent","0","l10n_ph_tax_group_vat_exempt","False","","100","base","invoice","","33A","","True","","l10n_ph_fiscal_position_discount_privileges","l10n_ph_tax_sale_12"
"","","","","","","","","","","","","100","tax","invoice","l10n_ph_account_206010","","True","","","",""
"","","","","","","","","","","","","100","base","refund","","33A","","","","",""
"","","","","","","","","","","","","100","tax","refund","l10n_ph_account_206010","","True","","","",""
