"id","sequence","name","description","invoice_label","amount","amount_type","type_tax_use","price_include","tax_group_id","children_tax_ids","active","repartition_line_ids/repartition_type","repartition_line_ids/document_type","repartition_line_ids/tag_ids","repartition_line_ids/account_id","description@es"
"tax_0_sale","4","ITBIS Exempt","ITBIS Exempt Sales","ITBIS Exempt Sales","0.0","percent","sale","False","tax_group_itbis","","","base","invoice","+base.untaxed.sales.services","","Exento ITBIS Ventas"
"","","","","","","","","","","","","tax","invoice","","",""
"","","","","","","","","","","","","base","refund","-base.untaxed.sales.services","",""
"","","","","","","","","","","","","tax","refund","","",""
"tax_0_purch","10","ITBIS Exempt","ITBIS Exempt Purchases","ITBIS Exempt Purchases","0.0","percent","purchase","False","tax_group_itbis","","","base","invoice","","","Exento ITBIS Compras"
"","","","","","","","","","","","","tax","invoice","","",""
"","","","","","","","","","","","","base","refund","","",""
"","","","","","","","","","","","","tax","refund","","",""
"tax_18_sale","1","18% ITBIS","18% ITBIS Sales","18% ITBIS Sales","18.0","percent","sale","False","tax_group_itbis","","","base","invoice","+base.18%","","18% ITBIS Ventas"
"","","","","","","","","","","","","tax","invoice","+tax.18%","l10n_do_21030102",""
"","","","","","","","","","","","","base","refund","-base.18%","",""
"","","","","","","","","","","","","tax","refund","-tax.18%","l10n_do_21030102",""
"tax_18_sale_incl","2","18% ITBIS Incl.","18% ITBIS Incl. Sales","18% ITBIS Incl. Sales","18.0","percent","sale","True","tax_group_itbis","","","base","invoice","+base.18%","","18% ITBIS Incl. Ventas"
"","","","","","","","","","","","","tax","invoice","+tax.18%","l10n_do_21030102",""
"","","","","","","","","","","","","base","refund","-base.18%","",""
"","","","","","","","","","","","","tax","refund","-tax.18%","l10n_do_21030102",""
"tax_tip_sale","3","10% Propina","10% Propina Legal","10% Propina Legal","10.0","percent","sale","False","tax_group_tip","","","base","invoice","","",""
"","","","","","","","","","","","","tax","invoice","","l10n_do_21030503",""
"","","","","","","","","","","","","base","refund","","",""
"","","","","","","","","","","","","tax","refund","","l10n_do_21030503",""
"tax_18_purch","11","18% ITBIS","18% ITBIS Purchases","18% ITBIS Purchases","18.0","percent","purchase","False","tax_group_itbis","","","base","invoice","","","18% ITBIS Compras"
"","","","","","","","","","","","","tax","invoice","+tax.paid.purchase","l10n_do_11080101",""
"","","","","","","","","","","","","base","refund","","",""
"","","","","","","","","","","","","tax","refund","-tax.paid.purchase","l10n_do_11080101",""
"tax_18_purch_incl","12","18% ITBIS Incl.","18% ITBIS Incl. Purchases","18% ITBIS Incl. Purchases","18.0","percent","purchase","True","tax_group_itbis","","","base","invoice","","","18% ITBIS Incl. Compras"
"","","","","","","","","","","","","tax","invoice","+tax.paid.purchase","l10n_do_11080101",""
"","","","","","","","","","","","","base","refund","","",""
"","","","","","","","","","","","","tax","refund","-tax.paid.purchase","l10n_do_11080101",""
"tax_16_purch","13","16% ITBIS","16% ITBIS Purchases","16% ITBIS Purchases","16.0","percent","purchase","False","tax_group_itbis","","","base","invoice","","","16% ITBIS Compras"
"","","","","","","","","","","","","tax","invoice","","l10n_do_11080101",""
"","","","","","","","","","","","","base","refund","","",""
"","","","","","","","","","","","","tax","refund","","l10n_do_11080101",""
"tax_16_purch_incl","14","16% ITBIS Incl.","16% ITBIS Incl. Purchases","16% ITBIS Incl. Purchases","16.0","percent","purchase","True","tax_group_itbis","","","base","invoice","","","16% ITBIS Incl. Compras"
"","","","","","","","","","","","","tax","invoice","","l10n_do_11080101",""
"","","","","","","","","","","","","base","refund","","",""
"","","","","","","","","","","","","tax","refund","","l10n_do_11080101",""
"tax_9_purch","15","9% ITBIS","9% ITBIS Purchase (L690-16)","9% ITBIS Purchase (L690-16)","9.0","percent","purchase","False","tax_group_itbis","","","base","invoice","","","9% ITBIS Compras"
"","","","","","","","","","","","","tax","invoice","","l10n_do_11080101",""
"","","","","","","","","","","","","base","refund","","",""
"","","","","","","","","","","","","tax","refund","","l10n_do_11080101",""
"tax_9_purch_incl","16","9% ITBIS Incl.","9% ITBIS Purchase Incl. (L690-16)","9% ITBIS Purchase Incl. (L690-16)","9.0","percent","purchase","True","tax_group_itbis","","","base","invoice","","","9% ITBIS Incl. Compras"
"","","","","","","","","","","","","tax","invoice","","l10n_do_11080101",""
"","","","","","","","","","","","","base","refund","","",""
"","","","","","","","","","","","","tax","refund","","l10n_do_11080101",""
"tax_8_purch","17","8% ITBIS","8% ITBIS Purchase (L690-16)","8% ITBIS Purchase (L690-16)","8.0","percent","purchase","False","tax_group_itbis","","","base","invoice","","","8% ITBIS Compras"
"","","","","","","","","","","","","tax","invoice","","l10n_do_11080101",""
"","","","","","","","","","","","","base","refund","","",""
"","","","","","","","","","","","","tax","refund","","l10n_do_11080101",""
"tax_8_purch_incl","18","8% ITBIS Incl.","8% ITBIS Purchase Incl. (L690-16)","8% ITBIS Purchase Incl. (L690-16)","8.0","percent","purchase","True","tax_group_itbis","","","base","invoice","","","8% ITBIS Incl. Compras"
"","","","","","","","","","","","","tax","invoice","","l10n_do_11080101",""
"","","","","","","","","","","","","base","refund","","",""
"","","","","","","","","","","","","tax","refund","","l10n_do_11080101",""
"tax_tip_purch","19","10% Propina","10% Propina","10% Propina","10.0","percent","purchase","False","tax_group_tip","","","base","invoice","","",""
"","","","","","","","","","","","","tax","invoice","","l10n_do_61080900",""
"","","","","","","","","","","","","base","refund","","",""
"","","","","","","","","","","","","tax","refund","","l10n_do_61080900",""
"tax_18_purch_serv","20","18% ITBIS Serv.","18% ITBIS Purchases - Services","18% ITBIS Purchases - Services","18.0","percent","purchase","False","tax_group_itbis","","","base","invoice","","","18% ITBIS Compras - Servicios"
"","","","","","","","","","","","","tax","invoice","+tax.paid.service","l10n_do_11080102",""
"","","","","","","","","","","","","base","refund","","",""
"","","","","","","","","","","","","tax","refund","-tax.paid.service","l10n_do_11080102",""
"tax_18_purch_serv_incl","20","18% ITBIS Incl. Serv.","18% ITBIS Incl. Purchases - Services","18% ITBIS Incl. Purchases - Services","18.0","percent","purchase","True","tax_group_itbis","","","base","invoice","","","18% ITBIS Incl. Compras - Servicios"
"","","","","","","","","","","","","tax","invoice","+tax.paid.service","l10n_do_11080102",""
"","","","","","","","","","","","","base","refund","","",""
"","","","","","","","","","","","","tax","refund","-tax.paid.service","l10n_do_11080102",""
"tax_18_importation","20","18% ITBIS Imp.","18% ITBIS - Imports","18% ITBIS - Imports","18.0","percent","purchase","False","tax_group_itbis","","","base","invoice","","","18% ITBIS - Importaciones"
"","","","","","","","","","","","","tax","invoice","+tax.paid.imports","l10n_do_11080103",""
"","","","","","","","","","","","","base","refund","","",""
"","","","","","","","","","","","","tax","refund","-tax.paid.imports","l10n_do_11080103",""
"tax_18_of_10","20","18% of 10%","18% ITBIS on 10% of the Total Amount","18% ITBIS on 10% of the Total Amount","1.8","percent","sale","False","tax_group_itbis","","","base","invoice","","","18% ITBIS sobre el 10% del Monto Total"
"","","","","","","","","","","","","tax","invoice","","l10n_do_21030102",""
"","","","","","","","","","","","","base","refund","","",""
"","","","","","","","","","","","","tax","refund","","l10n_do_21030102",""
"tax_0015_bank","30","0.15% Trans.","0.15% Bank Transfer","0.15% Bank Transfer","0.0015","percent","none","True","tax_group_other_tax","","","base","invoice","","","0.15% Transferencia Bancaria"
"","","","","","","","","","","","","tax","invoice","","l10n_do_61070200",""
"","","","","","","","","","","","","base","refund","","",""
"","","","","","","","","","","","","tax","refund","","l10n_do_61070200",""
"tax_10_telco","30","10% ISC","10% ISC Telecommunications","10% ISC Telecommunications","10.0","percent","purchase","False","tax_group_isc","","","base","invoice","","","10% ISC Telecomunicaciones"
"","","","","","","","","","","","","tax","invoice","","l10n_do_61020200",""
"","","","","","","","","","","","","base","refund","","",""
"","","","","","","","","","","","","tax","refund","","l10n_do_61020200",""
"tax_2_telco","30","2% CDT","2% CDT Telecommunications","2% CDT Telecommunications","2.0","percent","purchase","False","tax_group_other_tax","","","base","invoice","","","2% CDT Telecomunicaciones"
"","","","","","","","","","","","","tax","invoice","","l10n_do_61020200",""
"","","","","","","","","","","","","base","refund","","",""
"","","","","","","","","","","","","tax","refund","","l10n_do_61020200",""
"tax_group_telco","30","Telecom","Telecommunications Taxes","Telecommunications Taxes","18.0","group","purchase","","tax_group_other_tax","tax_18_purch,tax_10_telco,tax_2_telco","","","","","","Impuestos a las Telecomunicaciones"
"ret_100_tax_security","40","-100% ITBIS (N07-09)","Withholding 100% ITBIS Security Services (N07-09)","Withholding 100% ITBIS Security Services (N07-09)","-18.0","percent","purchase","False","tax_group_itbis","","","base","invoice","","","Retención 100% ITBIS Servicios de Seguridad (N07-09)"
"","","","","","","","","","","","","tax","invoice","","l10n_do_21030201",""
"","","","","","","","","","","","","base","refund","","",""
"","","","","","","","","","","","","tax","refund","","l10n_do_21030201",""
"ret_100_tax_nonprofit","41","-100% ITBIS (N01-11)","Withholding 100% ITBIS Non-profit Services (N01-11)","Withholding 100% ITBIS Non-profit Services (N01-11)","-18.0","percent","purchase","False","tax_group_itbis","","","base","invoice","+A.39","","Retención 100% ITBIS Servicios No Lucrativas (N01-11)"
"","","","","","","","","","","","","tax","invoice","-A.50","l10n_do_21030203",""
"","","","","","","","","","","","","base","refund","-A.39","",""
"","","","","","","","","","","","","tax","refund","+A.50","l10n_do_21030203",""
"ret_100_tax_person","42","-100% ITBIS (R293-11)","Withholding 100% ITBIS Services to Individuals (R293-11)","Withholding 100% ITBIS Services to Individuals (R293-11)","-18.0","percent","purchase","False","tax_group_itbis","","","base","invoice","+A.39","","Retención 100% ITBIS Servicios a Físicas (R293-11)"
"","","","","","","","","","","","","tax","invoice","-A.50","l10n_do_21030202",""
"","","","","","","","","","","","","base","refund","-A.39","",""
"","","","","","","","","","","","","tax","refund","+A.50","l10n_do_21030202",""
"ret_30_tax_moral","43","-30% ITBIS Leg. (N02-05)","Withholding 30% ITBIS Services to Legal Entities (N02-05)","Withholding 30% ITBIS Services to Legal Entities (N02-05)","-5.4","percent","purchase","False","tax_group_itbis","","","base","invoice","","","Retención 30% ITBIS Servicios a Jurídicas (N02-05)"
"","","","","","","","","","","","","tax","invoice","","l10n_do_21030201",""
"","","","","","","","","","","","","base","refund","","",""
"","","","","","","","","","","","","tax","refund","","l10n_do_21030201",""
"ret_30_tax_freelance","43","-30% ITBIS Prof. (N02-05)","Withholding 30% ITBIS Professional Services (N02-05)","Withholding 30% ITBIS Professional Services (N02-05)","-5.4","percent","none","False","tax_group_itbis","","False","base","invoice","","","Retención 30% ITBIS Servicios Profesionales (N02-05)"
"","","","","","","","","","","","","tax","invoice","","l10n_do_21030201",""
"","","","","","","","","","","","","base","refund","","",""
"","","","","","","","","","","","","tax","refund","","l10n_do_21030201",""
"ret_75_tax_nonformal","44","-75% ITBIS (N08-10)","Withholding 75% ITBIS Goods to Informal Workers (N08-10)","Withholding 75% ITBIS Goods to Informal Workers (N08-10)","-13.5","percent","purchase","False","tax_group_itbis","","","base","invoice","","","Retención 75% ITBIS Bienes a Informales (N08-10)"
"","","","","","","","","","","","","tax","invoice","","l10n_do_21030205",""
"","","","","","","","","","","","","base","refund","","",""
"","","","","","","","","","","","","tax","refund","","l10n_do_21030205",""
"ret_15_income_person","40","-15% ISR Fee","Withholding 15% Income Tax Fees to Individuals","Withholding 15% Income Tax Fees to Individuals","-15.0","percent","purchase","False","tax_group_isr","","","base","invoice","","","Retención 15% ISR Honorarios a Físicas"
"","","","","","","","","","","","","tax","invoice","","l10n_do_21030301",""
"","","","","","","","","","","","","base","refund","","",""
"","","","","","","","","","","","","tax","refund","","l10n_do_21030301",""
"ret_15_income_rent","50","-15% ISR Rent.","Withholding 15% Income Tax Rentals to Individuals","Withholding 15% Income Tax Rentals to Individuals","-15.0","percent","purchase","False","tax_group_isr","","","base","invoice","","","Retención 15% ISR Alquileres a Físicas"
"","","","","","","","","","","","","tax","invoice","","l10n_do_21030302",""
"","","","","","","","","","","","","base","refund","","",""
"","","","","","","","","","","","","tax","refund","","l10n_do_21030302",""
"ret_10_income_dividend","51","-10% ISR (L253-12)","Withholding 10% Income Tax on Dividends (L253-12)","Withholding 10% Income Tax on Dividends (L253-12)","-10.0","percent","purchase","False","tax_group_isr","","","base","invoice","","","Retención 10% ISR por Dividendos (L253-12)"
"","","","","","","","","","","","","tax","invoice","","l10n_do_21030303",""
"","","","","","","","","","","","","base","refund","","",""
"","","","","","","","","","","","","tax","refund","","l10n_do_21030303",""
"ret_3_income_person","52","-3% ISR (N07-07)","Withholding 3% Income Tax under General Rule 07-2007 (L30-26)","-3% ISR (N07-07)","-3.0","percent","purchase","False","tax_group_isr","","","base","invoice","","","Retención 3% ISR conforme a la Norma 07-2007 (L30-26)"
"","","","","","","","","","","","","tax","invoice","","l10n_do_21030308",""
"","","","","","","","","","","","","base","refund","","",""
"","","","","","","","","","","","","tax","refund","","l10n_do_21030308",""
"ret_2_income_transfer","53","-2% ISR Transfer","Withholding 2% Income Tax on Transfers of Securities and Properties","-2% ISR Transfer","-2.0","percent","purchase","False","tax_group_isr","","","base","invoice","","","Retención 2% ISR por Transferencias de Títulos y Propiedades"
"","","","","","","","","","","","","tax","invoice","","l10n_do_21030306",""
"","","","","","","","","","","","","base","refund","","",""
"","","","","","","","","","","","","tax","refund","","l10n_do_21030306",""
"ret_3_income_article_70","54","-3% ISR (Art. 70)","Withholding 3% Income Tax on Other Income (Decree 139-98, Art. 70 a and b; L30-26)","-3% ISR (Art. 70)","-3.0","percent","purchase","False","tax_group_isr","","","base","invoice","","","Retención 3% ISR por Otras Rentas (Decreto 139-98, Art. 70 literales a y b; L30-26)"
"","","","","","","","","","","","","tax","invoice","","l10n_do_21030309",""
"","","","","","","","","","","","","base","refund","","",""
"","","","","","","","","","","","","tax","refund","","l10n_do_21030309",""
"ret_27_income_remittance","49","-27% ISR (L253-12)","Withholding 27% Income Tax on Remittances Abroad (L253-12)","Withholding 27% Income Tax on Remittances Abroad (L253-12)","-27.0","percent","purchase","False","tax_group_isr","","","base","invoice","","","Retención 27% ISR por Remesas al Exterior (L253-12)"
"","","","","","","","","","","","","tax","invoice","","l10n_do_21030307",""
"","","","","","","","","","","","","base","refund","","",""
"","","","","","","","","","","","","tax","refund","","l10n_do_21030307",""
"ret_15_income_foreign_royalties_technology","49","-15% ISR (L30-26)","Withholding 15% Income Tax on Foreign Royalties or Rights, Software Licenses, Online Advertising, and Data Use or Storage (L30-26)","-15% ISR (L30-26)","-15.0","percent","purchase","False","tax_group_isr","","","base","invoice","","","Retención 15% ISR por Regalías o Derechos, Licencias de Software, Publicidad en Línea y Uso o Almacenamiento de Datos en el Exterior (L30-26)"
"","","","","","","","","","","","","tax","invoice","","l10n_do_21030310",""
"","","","","","","","","","","","","base","refund","","",""
"","","","","","","","","","","","","tax","refund","","l10n_do_21030310",""
"ret_5_income_gov","50","-5% ISR Gov.","Withholding 5% Governmental Income Tax","Withholding 5% Governmental Income Tax","-5.0","percent","sale","False","tax_group_isr","","","base","invoice","","","Retención 5% ISR Gubernamentales"
"","","","","","","","","","","","","tax","invoice","","l10n_do_11080302",""
"","","","","","","","","","","","","base","refund","","",""
"","","","","","","","","","","","","tax","refund","","l10n_do_11080302",""
"tax_group_nonformal","60","75%","Withholding from Informal Suppliers of Goods (75%)","Withholding from Informal Suppliers of Goods (75%)","18.0","group","purchase","","tax_group_ret","tax_18_purch,ret_75_tax_nonformal","","","","","","Retención a Proveedores Informales de Bienes (75%)"
"tax_group_person_construction_3","61","3% Mat.","Withholding to Individuals for Services with Materials (3%)","3% Mat.","18.0","group","purchase","","tax_group_ret","tax_18_purch,ret_100_tax_person,ret_3_income_person","","","","","","Retención a Físicas por Servicios con Materiales (3%)"
"tax_group_person_services_15","58","15% Serv.","Withholding to Individuals for Person Services","Withholding to Individuals for Person Services","18.0","group","purchase","","tax_group_ret","tax_18_purch,ret_100_tax_person,ret_15_income_person","","","","","","Retención a Físicas por Honorarios por Servicios (15%)"
"tax_group_moral_services","58","2% Serv P.","Withholding to Individuals for Moral Services","Withholding to Individuals for Moral Services","18.0","group","purchase","","tax_group_ret","tax_18_purch,ret_30_tax_moral","","","","","","Retención a Jurídicas por Servicios Profesionales (30%)"
"tax_group_restaurant_sale","64","Restaurant","Restaurant Sales","Restaurant Sales","18.0","group","sale","","tax_group_ret","tax_18_sale,tax_tip_sale","","","","","","Ventas del Restaurante"
"tax_group_restaurant_purch","65","Restaurant","Restaurant Purchases","Restaurant Purchases","18.0","group","purchase","","tax_group_ret","tax_18_purch,tax_tip_purch","","","","","","Compras a Restaurantes"
"tax_18_10_total_mount","","18% of 10%","18% ITBIS on 10% of the Total Amount","18% ITBIS on 10% of the Total Amount","1.8","percent","purchase","False","tax_group_itbis","","","base","invoice","","","18% ITBIS sobre el 10% del Monto Total"
"","","","","","","","","","","","","tax","invoice","","l10n_do_11080102",""
"","","","","","","","","","","","","base","refund","","",""
"","","","","","","","","","","","","tax","refund","","l10n_do_11080102",""
"tax_18_property_cost","","18% Cost Good","18% ITBIS carried at Cost Goods","18% ITBIS carried at Cost Goods","18.0","percent","purchase","False","tax_group_itbis","","","base","invoice","","","18% ITBIS llevado al Costo Bienes"
"","","","","","","","","","","","","tax","invoice","","l10n_do_51010500",""
"","","","","","","","","","","","","base","refund","","",""
"","","","","","","","","","","","","tax","refund","","l10n_do_51010500",""
"tax_18_serv_cost","","18% Cost Serv.","18% ITBIS carried at Cost Services","18% ITBIS carried at Cost Services","18.0","percent","purchase","False","tax_group_itbis","","","base","invoice","","","18% ITBIS llevado al Costo Servicios"
"","","","","","","","","","","","","tax","invoice","","l10n_do_51010500",""
"","","","","","","","","","","","","base","refund","","",""
"","","","","","","","","","","","","tax","refund","","l10n_do_51010500",""
