id,name,city_id:id,l10n_pa_code
correg_pa_1_1_1,Bocas del Toro (Cabecera),city_pa_1_1,1-1-1
correg_pa_1_1_2,Bastimentos,city_pa_1_1,1-1-2
correg_pa_1_1_3,Cauchero,city_pa_1_1,1-1-3
correg_pa_1_1_4,Punta Laurel,city_pa_1_1,1-1-4
correg_pa_1_1_5,Tierra Oscura,city_pa_1_1,1-1-5
correg_pa_1_2_1,Changuinola (Cabecera),city_pa_1_2,1-2-1
correg_pa_1_2_3,Guabito,city_pa_1_2,1-2-3
correg_pa_1_2_4,Teribe,city_pa_1_2,1-2-4
correg_pa_1_2_5,Valle del Risco,city_pa_1_2,1-2-5
correg_pa_1_2_6,El Empalme,city_pa_1_2,1-2-6
correg_pa_1_2_7,Las Tablas,city_pa_1_2,1-2-7
correg_pa_1_3_1,Chiriquí Grande (Cabecera),city_pa_1_3,1-3-1
correg_pa_1_3_2,Miramar,city_pa_1_3,1-3-2
correg_pa_1_3_3,Punta Peña,city_pa_1_3,1-3-3
correg_pa_1_3_4,Punta Robalo,city_pa_1_3,1-3-4
correg_pa_1_3_5,Rambala,city_pa_1_3,1-3-5
correg_pa_1_3_6,Bajo del Cedro,city_pa_1_3,1-3-6
correg_pa_1_4_1,Almirante (Cabecera),city_pa_1_4,1-4-1
correg_pa_1_4_2,Barriada Guaymi,city_pa_1_4,1-4-2
correg_pa_1_4_3,Barrio Francés,city_pa_1_4,1-4-3
correg_pa_1_4_4,Nance de Risco,city_pa_1_4,1-4-4
correg_pa_1_4_5,Valle de Aguas Arriba,city_pa_1_4,1-4-5
correg_pa_1_4_6,Valle de Risco,city_pa_1_4,1-4-6
correg_pa_2_1_1,Aguadulce (Cabecera),city_pa_2_1,2-1-1
correg_pa_2_1_2,El Cristo,city_pa_2_1,2-1-2
correg_pa_2_1_3,El Roble,city_pa_2_1,2-1-3
correg_pa_2_1_4,Pocri,city_pa_2_1,2-1-4
correg_pa_2_1_5,Barrios Unidos,city_pa_2_1,2-1-5
correg_pa_2_2_1,Antón (Cabecera),city_pa_2_2,2-2-1
correg_pa_2_2_2,Cabuya,city_pa_2_2,2-2-2
correg_pa_2_2_3,El Chiru,city_pa_2_2,2-2-3
correg_pa_2_2_4,El Retiro,city_pa_2_2,2-2-4
correg_pa_2_2_5,El Valle,city_pa_2_2,2-2-5
correg_pa_2_2_6,Juan Díaz,city_pa_2_2,2-2-6
correg_pa_2_2_7,Rio Hato,city_pa_2_2,2-2-7
correg_pa_2_2_8,San Juan de Dios,city_pa_2_2,2-2-8
correg_pa_2_2_9,Santa Rita,city_pa_2_2,2-2-9
correg_pa_2_2_10,Caballero,city_pa_2_2,2-2-10
correg_pa_2_3_1,La Pintada (Cabecera),city_pa_2_3,2-3-1
correg_pa_2_3_2,El Harino,city_pa_2_3,2-3-2
correg_pa_2_3_3,El Potrero,city_pa_2_3,2-3-3
correg_pa_2_3_4,Llano Grande,city_pa_2_3,2-3-4
correg_pa_2_3_5,Piedras Gordas,city_pa_2_3,2-3-5
correg_pa_2_3_6,Las Lomas,city_pa_2_3,2-3-6
correg_pa_2_4_1,Nata (Cabecera),city_pa_2_4,2-4-1
correg_pa_2_4_2,Capellania,city_pa_2_4,2-4-2
correg_pa_2_4_3,El Caño,city_pa_2_4,2-4-3
correg_pa_2_4_4,Guzmán,city_pa_2_4,2-4-4
correg_pa_2_4_5,Las Huacas,city_pa_2_4,2-4-5
correg_pa_2_4_6,Toza,city_pa_2_4,2-4-6
correg_pa_2_5_1,Ola (Cabecera),city_pa_2_5,2-5-1
correg_pa_2_5_2,El Cope,city_pa_2_5,2-5-2
correg_pa_2_5_3,El Palmar,city_pa_2_5,2-5-3
correg_pa_2_5_4,El Picacho,city_pa_2_5,2-5-4
correg_pa_2_5_5,La Pava,city_pa_2_5,2-5-5
correg_pa_2_6_1,Penonomé (Cabecera),city_pa_2_6,2-6-1
correg_pa_2_6_2,Cañaveral,city_pa_2_6,2-6-2
correg_pa_2_6_3,Coclé,city_pa_2_6,2-6-3
correg_pa_2_6_4,Chiguirí Arriba,city_pa_2_6,2-6-4
correg_pa_2_6_5,El Coco,city_pa_2_6,2-6-5
correg_pa_2_6_6,Pajonal,city_pa_2_6,2-6-6
correg_pa_2_6_7,Rio Grande,city_pa_2_6,2-6-7
correg_pa_2_6_8,Rio Indio,city_pa_2_6,2-6-8
correg_pa_2_6_9,Toabre,city_pa_2_6,2-6-9
correg_pa_2_6_10,Tulu,city_pa_2_6,2-6-10
correg_pa_3_1_1,Barrio Norte,city_pa_3_1,3-1-1
correg_pa_3_1_2,Barrio Sur,city_pa_3_1,3-1-2
correg_pa_3_1_3,Buena Vista,city_pa_3_1,3-1-3
correg_pa_3_1_4,Cativa,city_pa_3_1,3-1-4
correg_pa_3_1_5,Ciricito,city_pa_3_1,3-1-5
correg_pa_3_1_6,Cristobal,city_pa_3_1,3-1-6
correg_pa_3_1_7,Escobal,city_pa_3_1,3-1-7
correg_pa_3_1_8,Limón,city_pa_3_1,3-1-8
correg_pa_3_1_9,Nueva Providencia,city_pa_3_1,3-1-9
correg_pa_3_1_10,Puerto Pilón,city_pa_3_1,3-1-10
correg_pa_3_1_11,Sabanitas,city_pa_3_1,3-1-11
correg_pa_3_1_12,Salamanca,city_pa_3_1,3-1-12
correg_pa_3_1_13,San Juan,city_pa_3_1,3-1-13
correg_pa_3_1_14,Santa Rosa,city_pa_3_1,3-1-14
correg_pa_3_1_15,Cristobal Este,city_pa_3_1,3-1-15
correg_pa_3_2_1,Nuevo Chagres (Cabecera),city_pa_3_2,3-2-1
correg_pa_3_2_2,Achiote,city_pa_3_2,3-2-2
correg_pa_3_2_3,El Guabo,city_pa_3_2,3-2-3
correg_pa_3_2_4,La Encantada,city_pa_3_2,3-2-4
correg_pa_3_2_5,Palmas Bellas,city_pa_3_2,3-2-5
correg_pa_3_2_6,Piña,city_pa_3_2,3-2-6
correg_pa_3_2_7,Salud,city_pa_3_2,3-2-7
correg_pa_3_3_1,Miguel de La Borda (Cabecera),city_pa_3_3,3-3-1
correg_pa_3_3_2,Coclé del Norte,city_pa_3_3,3-3-2
correg_pa_3_3_3,El Guasimo,city_pa_3_3,3-3-3
correg_pa_3_3_4,Gobea,city_pa_3_3,3-3-4
correg_pa_3_3_5,Rio Indio,city_pa_3_3,3-3-5
correg_pa_3_3_6,San José del General,city_pa_3_3,3-3-6
correg_pa_3_4_1,Portobelo (Cabecera),city_pa_3_4,3-4-1
correg_pa_3_4_2,Cacique,city_pa_3_4,3-4-2
correg_pa_3_4_3,Garrote,city_pa_3_4,3-4-3
correg_pa_3_4_4,Isla Grande,city_pa_3_4,3-4-4
correg_pa_3_4_5,María Chiquita,city_pa_3_4,3-4-5
correg_pa_3_5_1,Palenque (Cabecera),city_pa_3_5,3-5-1
correg_pa_3_5_2,Cuango,city_pa_3_5,3-5-2
correg_pa_3_5_3,Miramar,city_pa_3_5,3-5-3
correg_pa_3_5_4,Nombre de Dios,city_pa_3_5,3-5-4
correg_pa_3_5_5,Palmira,city_pa_3_5,3-5-5
correg_pa_3_5_6,Playa Chiquita,city_pa_3_5,3-5-6
correg_pa_3_5_7,Santa Isabel,city_pa_3_5,3-5-7
correg_pa_3_5_8,Viento Frio,city_pa_3_5,3-5-8
correg_pa_4_1_1,Alanje (Cabecera),city_pa_4_1,4-1-1
correg_pa_4_1_2,Divala,city_pa_4_1,4-1-2
correg_pa_4_1_3,El Tejar,city_pa_4_1,4-1-3
correg_pa_4_1_4,Guarumal,city_pa_4_1,4-1-4
correg_pa_4_1_5,Palo Grande,city_pa_4_1,4-1-5
correg_pa_4_1_6,Querevalo,city_pa_4_1,4-1-6
correg_pa_4_1_7,Santo Tomas,city_pa_4_1,4-1-7
correg_pa_4_1_8,Canta Gallo,city_pa_4_1,4-1-8
correg_pa_4_1_9,Nuevo Mexico,city_pa_4_1,4-1-9
correg_pa_4_2_1,Puerto Armuelles (Cabecera),city_pa_4_2,4-2-1
correg_pa_4_2_2,Limones,city_pa_4_2,4-2-2
correg_pa_4_2_3,Progreso,city_pa_4_2,4-2-3
correg_pa_4_2_4,Baco,city_pa_4_2,4-2-4
correg_pa_4_2_5,Rodolfo Aguilar Delgado,city_pa_4_2,4-2-5
correg_pa_4_3_1,Boqueron (Cabecera),city_pa_4_3,4-3-1
correg_pa_4_3_2,Bagala,city_pa_4_3,4-3-2
correg_pa_4_3_3,Cordillera,city_pa_4_3,4-3-3
correg_pa_4_3_4,Guabal,city_pa_4_3,4-3-4
correg_pa_4_3_5,Guayabal,city_pa_4_3,4-3-5
correg_pa_4_3_6,Paraíso,city_pa_4_3,4-3-6
correg_pa_4_3_7,Pedregal,city_pa_4_3,4-3-7
correg_pa_4_3_8,Tijeras,city_pa_4_3,4-3-8
correg_pa_4_4_1,Bajo Boquete (Cabecera),city_pa_4_4,4-4-1
correg_pa_4_4_2,Caldera,city_pa_4_4,4-4-2
correg_pa_4_4_3,Palmira,city_pa_4_4,4-4-3
correg_pa_4_4_4,Alto Boquete,city_pa_4_4,4-4-4
correg_pa_4_4_5,Jaramillo,city_pa_4_4,4-4-5
correg_pa_4_4_6,Los Naranjos,city_pa_4_4,4-4-6
correg_pa_4_5_1,La Concepción (Cabecera),city_pa_4_5,4-5-1
correg_pa_4_5_2,Aserrio de Gariche,city_pa_4_5,4-5-2
correg_pa_4_5_3,Bugaba,city_pa_4_5,4-5-3
correg_pa_4_5_4,Cerro Punta,city_pa_4_5,4-5-4
correg_pa_4_5_5,Gómez,city_pa_4_5,4-5-5
correg_pa_4_5_6,La Estrella,city_pa_4_5,4-5-6
correg_pa_4_5_7,San Andres,city_pa_4_5,4-5-7
correg_pa_4_5_8,Santa Marta,city_pa_4_5,4-5-8
correg_pa_4_5_9,Santa Rosa,city_pa_4_5,4-5-9
correg_pa_4_5_10,Santo Domingo,city_pa_4_5,4-5-10
correg_pa_4_5_11,Sortova,city_pa_4_5,4-5-11
correg_pa_4_5_12,Volcan,city_pa_4_5,4-5-12
correg_pa_4_5_13,El Bongo,city_pa_4_5,4-5-13
correg_pa_4_6_1,David (Cabecera),city_pa_4_6,4-6-1
correg_pa_4_6_2,Bijagual,city_pa_4_6,4-6-2
correg_pa_4_6_3,Cochea,city_pa_4_6,4-6-3
correg_pa_4_6_4,Chiriquí,city_pa_4_6,4-6-4
correg_pa_4_6_5,Guaca,city_pa_4_6,4-6-5
correg_pa_4_6_6,Las Lomas,city_pa_4_6,4-6-6
correg_pa_4_6_7,Pedregal,city_pa_4_6,4-6-7
correg_pa_4_6_8,San Carlos,city_pa_4_6,4-6-8
correg_pa_4_6_9,San Pablo Nuevo,city_pa_4_6,4-6-9
correg_pa_4_6_10,San Pablo Viejo,city_pa_4_6,4-6-10
correg_pa_4_7_1,Dolega (Cabecera),city_pa_4_7,4-7-1
correg_pa_4_7_2,Dos Rios,city_pa_4_7,4-7-2
correg_pa_4_7_3,Los Anastacios,city_pa_4_7,4-7-3
correg_pa_4_7_4,Potrerillos,city_pa_4_7,4-7-4
correg_pa_4_7_5,Potrerillos Abajo,city_pa_4_7,4-7-5
correg_pa_4_7_6,Rovira,city_pa_4_7,4-7-6
correg_pa_4_7_7,Tinajas,city_pa_4_7,4-7-7
correg_pa_4_7_8,Los Algarrobos,city_pa_4_7,4-7-8
correg_pa_4_8_1,Gualaca (Cabecera),city_pa_4_8,4-8-1
correg_pa_4_8_2,Hornito,city_pa_4_8,4-8-2
correg_pa_4_8_3,Los Angeles,city_pa_4_8,4-8-3
correg_pa_4_8_4,Paja de Sombrero,city_pa_4_8,4-8-4
correg_pa_4_8_5,Rincon,city_pa_4_8,4-8-5
correg_pa_4_9_1,Remedios (Cabecera),city_pa_4_9,4-9-1
correg_pa_4_9_2,El Nancito,city_pa_4_9,4-9-2
correg_pa_4_9_3,El Porvenir,city_pa_4_9,4-9-3
correg_pa_4_9_4,El Puerto,city_pa_4_9,4-9-4
correg_pa_4_9_5,Santa Lucia,city_pa_4_9,4-9-5
correg_pa_4_10_1,Rio Sereno (Cabecera),city_pa_4_10,4-10-1
correg_pa_4_10_2,Breñon,city_pa_4_10,4-10-2
correg_pa_4_10_3,Cañas Gordas,city_pa_4_10,4-10-3
correg_pa_4_10_4,Monte Lirio,city_pa_4_10,4-10-4
correg_pa_4_10_5,Plaza Caisan,city_pa_4_10,4-10-5
correg_pa_4_10_6,Santa Cruz,city_pa_4_10,4-10-6
correg_pa_4_10_7,Dominical,city_pa_4_10,4-10-7
correg_pa_4_10_8,Santa Clara,city_pa_4_10,4-10-8
correg_pa_4_11_1,Las Lajas (Cabecera),city_pa_4_11,4-11-1
correg_pa_4_11_2,Juay,city_pa_4_11,4-11-2
correg_pa_4_11_3,Lajas Adentro,city_pa_4_11,4-11-3
correg_pa_4_11_4,San Félix,city_pa_4_11,4-11-4
correg_pa_4_11_5,Santa Cruz,city_pa_4_11,4-11-5
correg_pa_4_12_1,Horconcitos (Cabecera),city_pa_4_12,4-12-1
correg_pa_4_12_2,Boca Chica,city_pa_4_12,4-12-2
correg_pa_4_12_3,Boca del Monte,city_pa_4_12,4-12-3
correg_pa_4_12_4,San Juan,city_pa_4_12,4-12-4
correg_pa_4_12_5,San Lorenzo,city_pa_4_12,4-12-5
correg_pa_4_13_1,Tole (Cabecera),city_pa_4_13,4-13-1
correg_pa_4_13_2,Bella Vista,city_pa_4_13,4-13-2
correg_pa_4_13_3,Cerro Viejo,city_pa_4_13,4-13-3
correg_pa_4_13_4,El Cristo,city_pa_4_13,4-13-4
correg_pa_4_13_5,Justo Fidel Palacios,city_pa_4_13,4-13-5
correg_pa_4_13_6,Lajas de Tole,city_pa_4_13,4-13-6
correg_pa_4_13_7,Potrero de Caña,city_pa_4_13,4-13-7
correg_pa_4_13_8,Quebrada de Piedra,city_pa_4_13,4-13-8
correg_pa_4_13_9,Veladero,city_pa_4_13,4-13-9
correg_pa_5_1_1,La Palma (Cabecera),city_pa_5_1,5-1-1
correg_pa_5_1_2,Camoganti,city_pa_5_1,5-1-2
correg_pa_5_1_3,Chepigana,city_pa_5_1,5-1-3
correg_pa_5_1_4,Garachine,city_pa_5_1,5-1-4
correg_pa_5_1_5,Jaque,city_pa_5_1,5-1-5
correg_pa_5_1_6,Puerto Piña,city_pa_5_1,5-1-6
correg_pa_5_1_7,Rio Congo,city_pa_5_1,5-1-7
correg_pa_5_1_8,Rio Iglesias,city_pa_5_1,5-1-8
correg_pa_5_1_9,Sambu,city_pa_5_1,5-1-9
correg_pa_5_1_10,Seteganti,city_pa_5_1,5-1-10
correg_pa_5_1_11,Taimati,city_pa_5_1,5-1-11
correg_pa_5_1_12,Tucuti,city_pa_5_1,5-1-12
correg_pa_5_1_13,Agua Fria,city_pa_5_1,5-1-13
correg_pa_5_1_14,Cucunati,city_pa_5_1,5-1-14
correg_pa_5_1_15,Rio Congo Arriba,city_pa_5_1,5-1-15
correg_pa_5_1_16,Santa Fe,city_pa_5_1,5-1-16
correg_pa_5_2_1,El Real de Santa María (Cabecera),city_pa_5_2,5-2-1
correg_pa_5_2_2,Boca de Cupe,city_pa_5_2,5-2-2
correg_pa_5_2_3,Paya,city_pa_5_2,5-2-3
correg_pa_5_2_4,Pinogana,city_pa_5_2,5-2-4
correg_pa_5_2_5,Pucuro,city_pa_5_2,5-2-5
correg_pa_5_2_6,Yape,city_pa_5_2,5-2-6
correg_pa_5_2_7,Yaviza,city_pa_5_2,5-2-7
correg_pa_5_2_8,Meteti,city_pa_5_2,5-2-8
correg_pa_5_2_9,Comarca Kuna de Wargandi,city_pa_5_2,5-2-9
correg_pa_6_1_1,Chitre (Cabecera),city_pa_6_1,6-1-1
correg_pa_6_1_2,La Arena,city_pa_6_1,6-1-2
correg_pa_6_1_3,Monagrillo,city_pa_6_1,6-1-3
correg_pa_6_1_4,Llano Bonito,city_pa_6_1,6-1-4
correg_pa_6_1_5,San Juan Bautista,city_pa_6_1,6-1-5
correg_pa_6_2_1,Las Minas (Cabecera),city_pa_6_2,6-2-1
correg_pa_6_2_2,Chepo,city_pa_6_2,6-2-2
correg_pa_6_2_3,Chumical,city_pa_6_2,6-2-3
correg_pa_6_2_4,El Toro,city_pa_6_2,6-2-4
correg_pa_6_2_5,Leones,city_pa_6_2,6-2-5
correg_pa_6_2_6,Quebrada del Rosario,city_pa_6_2,6-2-6
correg_pa_6_2_7,Quebrada El Ciprian,city_pa_6_2,6-2-7
correg_pa_6_3_1,Los Pozos (Cabecera),city_pa_6_3,6-3-1
correg_pa_6_3_2,Capuri,city_pa_6_3,6-3-2
correg_pa_6_3_3,El Calabacito,city_pa_6_3,6-3-3
correg_pa_6_3_4,El Cedro,city_pa_6_3,6-3-4
correg_pa_6_3_5,La Arena,city_pa_6_3,6-3-5
correg_pa_6_3_6,La Pitalosa,city_pa_6_3,6-3-6
correg_pa_6_3_7,Los Cerritos,city_pa_6_3,6-3-7
correg_pa_6_3_8,Los Cerros de Paja,city_pa_6_3,6-3-8
correg_pa_6_3_9,Las Llanas,city_pa_6_3,6-3-9
correg_pa_6_4_1,Ocu (Cabecera),city_pa_6_4,6-4-1
correg_pa_6_4_2,Cerro Largo,city_pa_6_4,6-4-2
correg_pa_6_4_3,Los Llanos,city_pa_6_4,6-4-3
correg_pa_6_4_4,Llano Grande,city_pa_6_4,6-4-4
correg_pa_6_4_5,Peñas Chatas,city_pa_6_4,6-4-5
correg_pa_6_4_6,El Tijera,city_pa_6_4,6-4-6
correg_pa_6_4_7,Menchaca,city_pa_6_4,6-4-7
correg_pa_6_5_1,Parita (Cabecera),city_pa_6_5,6-5-1
correg_pa_6_5_2,Cabuya,city_pa_6_5,6-5-2
correg_pa_6_5_3,Los Castillos,city_pa_6_5,6-5-3
correg_pa_6_5_4,Llano de La Cruz,city_pa_6_5,6-5-4
correg_pa_6_5_5,Paris,city_pa_6_5,6-5-5
correg_pa_6_5_6,Portobelillo,city_pa_6_5,6-5-6
correg_pa_6_5_7,Potuga,city_pa_6_5,6-5-7
correg_pa_6_6_1,Pese (Cabecera),city_pa_6_6,6-6-1
correg_pa_6_6_2,Las Cabras,city_pa_6_6,6-6-2
correg_pa_6_6_3,El Pájaro,city_pa_6_6,6-6-3
correg_pa_6_6_4,El Barrero,city_pa_6_6,6-6-4
correg_pa_6_6_5,El Pedregoso,city_pa_6_6,6-6-5
correg_pa_6_6_6,El Ciruelo,city_pa_6_6,6-6-6
correg_pa_6_6_7,Sabana grande,city_pa_6_6,6-6-7
correg_pa_6_6_8,Rincón Hondo,city_pa_6_6,6-6-8
correg_pa_6_7_1,Santa María (Cabecera),city_pa_6_7,6-7-1
correg_pa_6_7_2,Chupampa,city_pa_6_7,6-7-2
correg_pa_6_7_3,El Rincón,city_pa_6_7,6-7-3
correg_pa_6_7_4,El Limón,city_pa_6_7,6-7-4
correg_pa_6_7_5,Los Canelos,city_pa_6_7,6-7-5
correg_pa_7_1_1,Guarare (Cabecera),city_pa_7_1,7-1-1
correg_pa_7_1_2,El Espinal,city_pa_7_1,7-1-2
correg_pa_7_1_3,El Macano,city_pa_7_1,7-1-3
correg_pa_7_1_4,Guarare Arriba,city_pa_7_1,7-1-4
correg_pa_7_1_5,La Enea,city_pa_7_1,7-1-5
correg_pa_7_1_6,La Pasera,city_pa_7_1,7-1-6
correg_pa_7_1_7,Las Trancas,city_pa_7_1,7-1-7
correg_pa_7_1_8,Llano Abajo,city_pa_7_1,7-1-8
correg_pa_7_1_9,El Hato,city_pa_7_1,7-1-9
correg_pa_7_1_10,Perales,city_pa_7_1,7-1-10
correg_pa_7_2_1,Las Tablas (Cabecera),city_pa_7_2,7-2-1
correg_pa_7_2_2,Bajo Corral,city_pa_7_2,7-2-2
correg_pa_7_2_3,Bayano,city_pa_7_2,7-2-3
correg_pa_7_2_4,El Carate,city_pa_7_2,7-2-4
correg_pa_7_2_5,El Cocal,city_pa_7_2,7-2-5
correg_pa_7_2_6,El Manantial,city_pa_7_2,7-2-6
correg_pa_7_2_7,El Muñoz,city_pa_7_2,7-2-7
correg_pa_7_2_8,El Pedregoso,city_pa_7_2,7-2-8
correg_pa_7_2_9,La Laja,city_pa_7_2,7-2-9
correg_pa_7_2_10,La Miel,city_pa_7_2,7-2-10
correg_pa_7_2_11,La Palma,city_pa_7_2,7-2-11
correg_pa_7_2_12,La Tiza,city_pa_7_2,7-2-12
correg_pa_7_2_13,Las Palmitas,city_pa_7_2,7-2-13
correg_pa_7_2_14,Las Tablas Abajo,city_pa_7_2,7-2-14
correg_pa_7_2_15,Nuario,city_pa_7_2,7-2-15
correg_pa_7_2_16,Palmira,city_pa_7_2,7-2-16
correg_pa_7_2_17,Peña Blanca,city_pa_7_2,7-2-17
correg_pa_7_2_18,Rio Hondo,city_pa_7_2,7-2-18
correg_pa_7_2_19,San José,city_pa_7_2,7-2-19
correg_pa_7_2_20,San Miguel,city_pa_7_2,7-2-20
correg_pa_7_2_21,Santo Domingo,city_pa_7_2,7-2-21
correg_pa_7_2_22,Sesteadero,city_pa_7_2,7-2-22
correg_pa_7_2_23,Valle Rico,city_pa_7_2,7-2-23
correg_pa_7_2_24,Valleriquito,city_pa_7_2,7-2-24
correg_pa_7_3_1,La Villa de Los Santos (Cabecera),city_pa_7_3,7-3-1
correg_pa_7_3_2,El Guasimo,city_pa_7_3,7-3-2
correg_pa_7_3_3,La Colorada,city_pa_7_3,7-3-3
correg_pa_7_3_4,La Espigadilla,city_pa_7_3,7-3-4
correg_pa_7_3_5,Las Cruces,city_pa_7_3,7-3-5
correg_pa_7_3_6,Las Guabas,city_pa_7_3,7-3-6
correg_pa_7_3_7,Los Ángeles,city_pa_7_3,7-3-7
correg_pa_7_3_8,Los Olivos,city_pa_7_3,7-3-8
correg_pa_7_3_9,Llano Largo,city_pa_7_3,7-3-9
correg_pa_7_3_10,Sabana grande,city_pa_7_3,7-3-10
correg_pa_7_3_11,Santa Ana,city_pa_7_3,7-3-11
correg_pa_7_3_12,Tres Quebradas,city_pa_7_3,7-3-12
correg_pa_7_3_13,Agua Buena,city_pa_7_3,7-3-13
correg_pa_7_3_14,Villa Lourdes,city_pa_7_3,7-3-14
correg_pa_7_4_1,Macaracas (Cabecera),city_pa_7_4,7-4-1
correg_pa_7_4_2,Bahia Honda,city_pa_7_4,7-4-2
correg_pa_7_4_3,Bajos de Guera,city_pa_7_4,7-4-3
correg_pa_7_4_4,Corozal,city_pa_7_4,7-4-4
correg_pa_7_4_5,Chupa,city_pa_7_4,7-4-5
correg_pa_7_4_6,El Cedro,city_pa_7_4,7-4-6
correg_pa_7_4_7,Espino Amarillo,city_pa_7_4,7-4-7
correg_pa_7_4_8,La Mesa,city_pa_7_4,7-4-8
correg_pa_7_4_9,Las Palmas,city_pa_7_4,7-4-9
correg_pa_7_4_10,Llano de Piedra,city_pa_7_4,7-4-10
correg_pa_7_4_11,Mogollon,city_pa_7_4,7-4-11
correg_pa_7_5_1,Pedasi (Cabecera),city_pa_7_5,7-5-1
correg_pa_7_5_2,Los Asientos,city_pa_7_5,7-5-2
correg_pa_7_5_3,Mariabe,city_pa_7_5,7-5-3
correg_pa_7_5_4,Purio,city_pa_7_5,7-5-4
correg_pa_7_5_5,Oria Arriba,city_pa_7_5,7-5-5
correg_pa_7_6_1,Pocri,city_pa_7_6,7-6-1
correg_pa_7_6_2,El Cañafistulo,city_pa_7_6,7-6-2
correg_pa_7_6_3,Lajamina,city_pa_7_6,7-6-3
correg_pa_7_6_4,Paraiso,city_pa_7_6,7-6-4
correg_pa_7_6_5,Paritilla,city_pa_7_6,7-6-5
correg_pa_7_7_1,Tonosi (Cabecera),city_pa_7_7,7-7-1
correg_pa_7_7_2,Altos de Guera,city_pa_7_7,7-7-2
correg_pa_7_7_3,Cañas,city_pa_7_7,7-7-3
correg_pa_7_7_4,El Bebedero,city_pa_7_7,7-7-4
correg_pa_7_7_5,El Cacao,city_pa_7_7,7-7-5
correg_pa_7_7_6,El Cortezo,city_pa_7_7,7-7-6
correg_pa_7_7_7,Flores,city_pa_7_7,7-7-7
correg_pa_7_7_8,Guanico,city_pa_7_7,7-7-8
correg_pa_7_7_9,La Tronosa,city_pa_7_7,7-7-9
correg_pa_7_7_10,Cambutal,city_pa_7_7,7-7-10
correg_pa_7_7_11,Isla de Caqas,city_pa_7_7,7-7-11
correg_pa_8_2_1,San Miguel (Cabecera),city_pa_8_2,8-2-1
correg_pa_8_2_2,La Ensenada,city_pa_8_2,8-2-2
correg_pa_8_2_3,La Esmeralda,city_pa_8_2,8-2-3
correg_pa_8_2_4,La Guinea,city_pa_8_2,8-2-4
correg_pa_8_2_5,Pedro Gonzalez,city_pa_8_2,8-2-5
correg_pa_8_2_6,Saboga,city_pa_8_2,8-2-6
correg_pa_8_5_1,Chepo (Cabecera),city_pa_8_5,8-5-1
correg_pa_8_5_2,Cañita,city_pa_8_5,8-5-2
correg_pa_8_5_3,Chepillo,city_pa_8_5,8-5-3
correg_pa_8_5_4,El Llano,city_pa_8_5,8-5-4
correg_pa_8_5_5,Las Margaritas,city_pa_8_5,8-5-5
correg_pa_8_5_6,Santa Cruz de Chinina,city_pa_8_5,8-5-6
correg_pa_8_5_7,Comarca Kuna de Madungandi,city_pa_8_5,8-5-7
correg_pa_8_5_8,Torti,city_pa_8_5,8-5-8
correg_pa_8_6_1,Chiman (Cabecera),city_pa_8_6,8-6-1
correg_pa_8_6_2,Brujas,city_pa_8_6,8-6-2
correg_pa_8_6_3,Gonzalo Vasquez,city_pa_8_6,8-6-3
correg_pa_8_6_4,Pasiga,city_pa_8_6,8-6-4
correg_pa_8_6_5,Union Santeña,city_pa_8_6,8-6-5
correg_pa_8_8_1,San Felipe,city_pa_8_8,8-8-1
correg_pa_8_8_2,El Chorrillo,city_pa_8_8,8-8-2
correg_pa_8_8_3,Santa Ana,city_pa_8_8,8-8-3
correg_pa_8_8_4,La Exposicion O Calidonia,city_pa_8_8,8-8-4
correg_pa_8_8_5,Curundu,city_pa_8_8,8-8-5
correg_pa_8_8_6,Betania,city_pa_8_8,8-8-6
correg_pa_8_8_7,Bella Vista,city_pa_8_8,8-8-7
correg_pa_8_8_8,Pueblo Nuevo,city_pa_8_8,8-8-8
correg_pa_8_8_9,San Francisco,city_pa_8_8,8-8-9
correg_pa_8_8_10,Parque Lefevre,city_pa_8_8,8-8-10
correg_pa_8_8_11,Rio Abajo,city_pa_8_8,8-8-11
correg_pa_8_8_12,Juan Diaz,city_pa_8_8,8-8-12
correg_pa_8_8_13,Pedregal,city_pa_8_8,8-8-13
correg_pa_8_8_14,Ancón,city_pa_8_8,8-8-14
correg_pa_8_8_15,Chilibre,city_pa_8_8,8-8-15
correg_pa_8_8_16,Las Cumbres,city_pa_8_8,8-8-16
correg_pa_8_8_17,Pacora,city_pa_8_8,8-8-17
correg_pa_8_8_18,San Martin,city_pa_8_8,8-8-18
correg_pa_8_8_19,Tocumen,city_pa_8_8,8-8-19
correg_pa_8_8_20,Las Mañanitas,city_pa_8_8,8-8-20
correg_pa_8_8_21,24 de Diciembre,city_pa_8_8,8-8-21
correg_pa_8_8_22,Ernesto Córdoba Campos,city_pa_8_8,8-8-22
correg_pa_8_8_23,Alcalde Díaz,city_pa_8_8,8-8-23
correg_pa_8_8_24,Caimitillo,city_pa_8_8,8-8-24
correg_pa_8_8_25,Don Bosco,city_pa_8_8,8-8-25
correg_pa_8_8_26,Las Garzas,city_pa_8_8,8-8-26
correg_pa_8_10_1,Amelia Denis de Icaza,city_pa_8_10,8-10-1
correg_pa_8_10_2,Belisario Porras,city_pa_8_10,8-10-2
correg_pa_8_10_3,José Domingo Espinar,city_pa_8_10,8-10-3
correg_pa_8_10_4,Mateo Iturralde,city_pa_8_10,8-10-4
correg_pa_8_10_5,Victoriano Lorenzo,city_pa_8_10,8-10-5
correg_pa_8_10_6,Arnulfo Arias,city_pa_8_10,8-10-6
correg_pa_8_10_7,Belisario Frías,city_pa_8_10,8-10-7
correg_pa_8_10_8,Omar Torrijos,city_pa_8_10,8-10-8
correg_pa_8_10_9,Rufina Alfaro,city_pa_8_10,8-10-9
correg_pa_8_11_1,Taboga (Cabecera),city_pa_8_11,8-11-1
correg_pa_8_11_2,Otoque Oriente,city_pa_8_11,8-11-2
correg_pa_8_11_3,Otoque Occidente,city_pa_8_11,8-11-3
correg_pa_9_1_1,Atalaya (Cabecera),city_pa_9_1,9-1-1
correg_pa_9_1_2,El Barrito,city_pa_9_1,9-1-2
correg_pa_9_1_3,La Montañuela,city_pa_9_1,9-1-3
correg_pa_9_1_4,La Carrillo,city_pa_9_1,9-1-4
correg_pa_9_1_5,San Antonio,city_pa_9_1,9-1-5
correg_pa_9_2_1,Calobre (Cabecera),city_pa_9_2,9-2-1
correg_pa_9_2_2,Barnizal,city_pa_9_2,9-2-2
correg_pa_9_2_3,Chitra,city_pa_9_2,9-2-3
correg_pa_9_2_4,El Cocla,city_pa_9_2,9-2-4
correg_pa_9_2_5,El Potrero,city_pa_9_2,9-2-5
correg_pa_9_2_6,La Laguna,city_pa_9_2,9-2-6
correg_pa_9_2_7,La Raya de Calobre,city_pa_9_2,9-2-7
correg_pa_9_2_8,La Tetilla,city_pa_9_2,9-2-8
correg_pa_9_2_9,La Yeguada,city_pa_9_2,9-2-9
correg_pa_9_2_10,Las Guias,city_pa_9_2,9-2-10
correg_pa_9_2_11,Monjaras,city_pa_9_2,9-2-11
correg_pa_9_2_12,San José,city_pa_9_2,9-2-12
correg_pa_9_3_1,Cañazas (Cabecera),city_pa_9_3,9-3-1
correg_pa_9_3_2,Cerro Plata,city_pa_9_3,9-3-2
correg_pa_9_3_3,El Picador,city_pa_9_3,9-3-3
correg_pa_9_3_4,Los Valles,city_pa_9_3,9-3-4
correg_pa_9_3_5,San José,city_pa_9_3,9-3-5
correg_pa_9_3_6,San Marcelo,city_pa_9_3,9-3-6
correg_pa_9_3_7,El Aromillo,city_pa_9_3,9-3-7
correg_pa_9_3_8,Las Cruces,city_pa_9_3,9-3-8
correg_pa_9_4_1,La Mesa (Cabecera),city_pa_9_4,9-4-1
correg_pa_9_4_2,Bisvalles,city_pa_9_4,9-4-2
correg_pa_9_4_3,Boro,city_pa_9_4,9-4-3
correg_pa_9_4_4,Llano Grande,city_pa_9_4,9-4-4
correg_pa_9_4_5,San Bartolo,city_pa_9_4,9-4-5
correg_pa_9_4_6,Los Milagros,city_pa_9_4,9-4-6
correg_pa_9_5_1,Las Palmas (Cabecera),city_pa_9_5,9-5-1
correg_pa_9_5_2,Cerro de Casa,city_pa_9_5,9-5-2
correg_pa_9_5_3,Corozal,city_pa_9_5,9-5-3
correg_pa_9_5_4,El Maria,city_pa_9_5,9-5-4
correg_pa_9_5_5,El Prado,city_pa_9_5,9-5-5
correg_pa_9_5_6,El Rincón,city_pa_9_5,9-5-6
correg_pa_9_5_7,Lola,city_pa_9_5,9-5-7
correg_pa_9_5_8,Pixvae,city_pa_9_5,9-5-8
correg_pa_9_5_9,Puerto Vidal,city_pa_9_5,9-5-9
correg_pa_9_5_10,San Martin de Porres,city_pa_9_5,9-5-10
correg_pa_9_5_11,Vigui,city_pa_9_5,9-5-11
correg_pa_9_5_12,Zapotillo,city_pa_9_5,9-5-12
correg_pa_9_5_13,Altamira,city_pa_9_5,9-5-13
correg_pa_9_6_1,Montijo (Cabecera),city_pa_9_6,9-6-1
correg_pa_9_6_2,Arenas,city_pa_9_6,9-6-2
correg_pa_9_6_3,Gobernadora,city_pa_9_6,9-6-3
correg_pa_9_6_4,La Garceana,city_pa_9_6,9-6-4
correg_pa_9_6_5,Leones,city_pa_9_6,9-6-5
correg_pa_9_6_6,Cebaco,city_pa_9_6,9-6-6
correg_pa_9_6_7,Costa Hermosa,city_pa_9_6,9-6-7
correg_pa_9_6_8,Unión del Norte,city_pa_9_6,9-6-8
correg_pa_9_6_9,Tebario,city_pa_9_6,9-6-9
correg_pa_9_6_10,El Pilon,city_pa_9_6,9-6-10
correg_pa_9_7_1,Rio de Jesús (Cabecera),city_pa_9_7,9-7-1
correg_pa_9_7_2,Las Huacas,city_pa_9_7,9-7-2
correg_pa_9_7_3,Los Castillos,city_pa_9_7,9-7-3
correg_pa_9_7_4,Utira,city_pa_9_7,9-7-4
correg_pa_9_7_5,Catorce de Noviembre,city_pa_9_7,9-7-5
correg_pa_9_8_1,San Francisco (Cabecera),city_pa_9_8,9-8-1
correg_pa_9_8_2,Corral Falso,city_pa_9_8,9-8-2
correg_pa_9_8_3,Los Hatillos,city_pa_9_8,9-8-3
correg_pa_9_8_4,Remance,city_pa_9_8,9-8-4
correg_pa_9_8_5,San Juan,city_pa_9_8,9-8-5
correg_pa_9_8_6,San José,city_pa_9_8,9-8-6
correg_pa_9_9_1,Santa Fe (Cabecera),city_pa_9_9,9-9-1
correg_pa_9_9_2,Calovebora,city_pa_9_9,9-9-2
correg_pa_9_9_3,El Alto,city_pa_9_9,9-9-3
correg_pa_9_9_4,El Cuay,city_pa_9_9,9-9-4
correg_pa_9_9_5,El Pantano,city_pa_9_9,9-9-5
correg_pa_9_9_6,Gatu O Gatucito,city_pa_9_9,9-9-6
correg_pa_9_9_7,Rio Luis,city_pa_9_9,9-9-7
correg_pa_9_10_1,Santiago (Cabecera),city_pa_9_10,9-10-1
correg_pa_9_10_2,La Colorada,city_pa_9_10,9-10-2
correg_pa_9_10_3,La Peña,city_pa_9_10,9-10-3
correg_pa_9_10_4,La Raya de Santa María,city_pa_9_10,9-10-4
correg_pa_9_10_5,Ponuga,city_pa_9_10,9-10-5
correg_pa_9_10_6,San Pedro del Espino,city_pa_9_10,9-10-6
correg_pa_9_10_7,Canto del Llano,city_pa_9_10,9-10-7
correg_pa_9_10_8,Los Algarrobos,city_pa_9_10,9-10-8
correg_pa_9_10_9,Carlos Santana Ávila,city_pa_9_10,9-10-9
correg_pa_9_10_10,Edwin Fábrega,city_pa_9_10,9-10-10
correg_pa_9_10_11,San Martin de Porres,city_pa_9_10,9-10-11
correg_pa_9_10_12,Urraca,city_pa_9_10,9-10-12
correg_pa_9_11_1,Sona (Cabecera),city_pa_9_11,9-11-1
correg_pa_9_11_2,Bahía Honda,city_pa_9_11,9-11-2
correg_pa_9_11_3,Calidonia,city_pa_9_11,9-11-3
correg_pa_9_11_4,Cative,city_pa_9_11,9-11-4
correg_pa_9_11_5,El Marañón,city_pa_9_11,9-11-5
correg_pa_9_11_6,Guarumal,city_pa_9_11,9-11-6
correg_pa_9_11_7,La Soledad,city_pa_9_11,9-11-7
correg_pa_9_11_8,Quebrada de Oro,city_pa_9_11,9-11-8
correg_pa_9_11_9,Rio Grande,city_pa_9_11,9-11-9
correg_pa_9_11_10,Rodeo Viejo,city_pa_9_11,9-11-10
correg_pa_9_12_1,Llano de Catival O Mariato (Cabecera),city_pa_9_12,9-12-1
correg_pa_9_12_2,Arenas,city_pa_9_12,9-12-2
correg_pa_9_12_3,El Cacao,city_pa_9_12,9-12-3
correg_pa_9_12_4,Quebro,city_pa_9_12,9-12-4
correg_pa_9_12_5,Tebario,city_pa_9_12,9-12-5
correg_pa_10_1_1,Nargana (Cabecera),city_pa_10_1,10-1-1
correg_pa_10_1_2,Ailigandi,city_pa_10_1,10-1-2
correg_pa_10_1_3,Puerto Obaldía,city_pa_10_1,10-1-3
correg_pa_10_1_4,Tubuala,city_pa_10_1,10-1-4
correg_pa_11_1_1,Cirilo Guainora (Cabecera),city_pa_11_1,11-1-1
correg_pa_11_1_2,Lajas Blancas,city_pa_11_1,11-1-2
correg_pa_11_1_3,Manuel Ortega,city_pa_11_1,11-1-3
correg_pa_11_2_1,Rio Sabalo,city_pa_11_2,11-2-1
correg_pa_11_2_2,Jingurudo,city_pa_11_2,11-2-2
correg_pa_12_1_1,Soloy (Cabecera),city_pa_12_1,12-1-1
correg_pa_12_1_2,Boca de Balsa,city_pa_12_1,12-1-2
correg_pa_12_1_3,Camarón Arriba,city_pa_12_1,12-1-3
correg_pa_12_1_4,Cerro Banco,city_pa_12_1,12-1-4
correg_pa_12_1_5,Cerro de Patena,city_pa_12_1,12-1-5
correg_pa_12_1_6,Emplanada de Chorcha,city_pa_12_1,12-1-6
correg_pa_12_1_7,Namnoni,city_pa_12_1,12-1-7
correg_pa_12_1_8,Niba,city_pa_12_1,12-1-8
correg_pa_12_2_1,Hato Pilón (Cabecera),city_pa_12_2,12-2-1
correg_pa_12_2_2,Cascabel,city_pa_12_2,12-2-2
correg_pa_12_2_3,Hato Corotu,city_pa_12_2,12-2-3
correg_pa_12_2_4,Hato Culantro,city_pa_12_2,12-2-4
correg_pa_12_2_5,Hato Jobo,city_pa_12_2,12-2-5
correg_pa_12_2_6,Hato Juli,city_pa_12_2,12-2-6
correg_pa_12_2_7,Quebrada de Loro,city_pa_12_2,12-2-7
correg_pa_12_2_8,Salto Dupi,city_pa_12_2,12-2-8
correg_pa_12_3_1,Chichica (Cabecera),city_pa_12_3,12-3-1
correg_pa_12_3_2,Alto Caballero,city_pa_12_3,12-3-2
correg_pa_12_3_3,Bakama,city_pa_12_3,12-3-3
correg_pa_12_3_4,Cerro Caña,city_pa_12_3,12-3-4
correg_pa_12_3_5,Cerro Puerco,city_pa_12_3,12-3-5
correg_pa_12_3_6,Krua,city_pa_12_3,12-3-6
correg_pa_12_3_7,Maraca,city_pa_12_3,12-3-7
correg_pa_12_3_8,Nibra,city_pa_12_3,12-3-8
correg_pa_12_3_9,Peña Blanca,city_pa_12_3,12-3-9
correg_pa_12_3_10,Roka,city_pa_12_3,12-3-10
correg_pa_12_3_11,Sitio Prado,city_pa_12_3,12-3-11
correg_pa_12_3_12,Umani,city_pa_12_3,12-3-12
correg_pa_12_4_1,Cerro Iglesias (Cabecera),city_pa_12_4,12-4-1
correg_pa_12_4_2,Hato Chami,city_pa_12_4,12-4-2
correg_pa_12_4_3,Jadeberi,city_pa_12_4,12-4-3
correg_pa_12_4_4,Lajero,city_pa_12_4,12-4-4
correg_pa_12_4_5,Susama,city_pa_12_4,12-4-5
correg_pa_12_5_1,Buenos Aires (Cabecera),city_pa_12_5,12-5-1
correg_pa_12_5_2,Agua de Salud,city_pa_12_5,12-5-2
correg_pa_12_5_3,Alto de Jesús,city_pa_12_5,12-5-3
correg_pa_12_5_4,Cerro Pelado,city_pa_12_5,12-5-4
correg_pa_12_5_5,El Bale,city_pa_12_5,12-5-5
correg_pa_12_5_6,El Paredon,city_pa_12_5,12-5-6
correg_pa_12_5_7,El Piro,city_pa_12_5,12-5-7
correg_pa_12_5_8,Guayabito,city_pa_12_5,12-5-8
correg_pa_12_5_9,Guibale,city_pa_12_5,12-5-9
correg_pa_12_6_1,Bisira (Cabecera),city_pa_12_6,12-6-1
correg_pa_12_6_2,Buri,city_pa_12_6,12-6-2
correg_pa_12_6_3,Guariviara,city_pa_12_6,12-6-3
correg_pa_12_6_4,Guoroni,city_pa_12_6,12-6-4
correg_pa_12_6_5,Kankintu,city_pa_12_6,12-6-5
correg_pa_12_6_6,Mununi,city_pa_12_6,12-6-6
correg_pa_12_6_7,Piedra Roja,city_pa_12_6,12-6-7
correg_pa_12_6_8,Tuwai,city_pa_12_6,12-6-8
correg_pa_12_6_9,Man Creek,city_pa_12_6,12-6-9
correg_pa_12_7_1,Kusapin (Cabecera),city_pa_12_7,12-7-1
correg_pa_12_7_2,Bahia Azul,city_pa_12_7,12-7-2
correg_pa_12_7_3,Calovebora O Santa Catalina,city_pa_12_7,12-7-3
correg_pa_12_7_4,Loma Yuca,city_pa_12_7,12-7-4
correg_pa_12_7_5,Rio Chiriquí,city_pa_12_7,12-7-5
correg_pa_12_7_6,Tobobe,city_pa_12_7,12-7-6
correg_pa_12_7_7,Valle Bonito,city_pa_12_7,12-7-7
correg_pa_12_8_1,Samboa,city_pa_12_8,12-8-1
correg_pa_12_8_2,Buri,city_pa_12_8,12-8-2
correg_pa_12_8_3,Guariviara,city_pa_12_8,12-8-3
correg_pa_12_8_4,Man Creek,city_pa_12_8,12-8-4
correg_pa_12_8_5,Tuwai,city_pa_12_8,12-8-5
correg_pa_12_9_1,Santa Catalina O Calovebora (Bledeshia)(Cabecera),city_pa_12_9,12-9-1
correg_pa_12_9_2,Alto Bilingue (Gdogueshia),city_pa_12_9,12-9-2
correg_pa_12_9_3,Loma Yuka (Ljuicho),city_pa_12_9,12-9-3
correg_pa_12_9_4,San Pedrito,city_pa_12_9,12-9-4
correg_pa_12_9_5,Valle Bonito(Dogata),city_pa_12_9,12-9-5
correg_pa_13_1_1,Arraijan (Cabecera),city_pa_13_1,13-1-1
correg_pa_13_1_2,Burunga,city_pa_13_1,13-1-2
correg_pa_13_1_3,Cerro Silvestre,city_pa_13_1,13-1-3
correg_pa_13_1_4,Juan Demostenes Arosemena,city_pa_13_1,13-1-4
correg_pa_13_1_5,Nuevo Emperador,city_pa_13_1,13-1-5
correg_pa_13_1_6,Santa Clara,city_pa_13_1,13-1-6
correg_pa_13_1_7,Veracruz,city_pa_13_1,13-1-7
correg_pa_13_1_8,Vista Alegre,city_pa_13_1,13-1-8
correg_pa_13_2_1,Capira (Cabecera),city_pa_13_2,13-2-1
correg_pa_13_2_2,Caimito,city_pa_13_2,13-2-2
correg_pa_13_2_3,Campana,city_pa_13_2,13-2-3
correg_pa_13_2_4,Cermeño,city_pa_13_2,13-2-4
correg_pa_13_2_5,Ciri de Los Sotos,city_pa_13_2,13-2-5
correg_pa_13_2_6,Ciri Grande,city_pa_13_2,13-2-6
correg_pa_13_2_7,El Cacao,city_pa_13_2,13-2-7
correg_pa_13_2_8,La Trinidad,city_pa_13_2,13-2-8
correg_pa_13_2_9,Las Ollas Arriba,city_pa_13_2,13-2-9
correg_pa_13_2_10,Lidice,city_pa_13_2,13-2-10
correg_pa_13_2_11,Villa Carmen,city_pa_13_2,13-2-11
correg_pa_13_2_12,Villa Rosario,city_pa_13_2,13-2-12
correg_pa_13_2_13,Santa Rosa,city_pa_13_2,13-2-13
correg_pa_13_3_1,Chame (Cabecera),city_pa_13_3,13-3-1
correg_pa_13_3_2,Bejuco,city_pa_13_3,13-3-2
correg_pa_13_3_3,Buenos Aires,city_pa_13_3,13-3-3
correg_pa_13_3_4,Cabuya,city_pa_13_3,13-3-4
correg_pa_13_3_5,Chica,city_pa_13_3,13-3-5
correg_pa_13_3_6,El Libano,city_pa_13_3,13-3-6
correg_pa_13_3_7,Las Lajas,city_pa_13_3,13-3-7
correg_pa_13_3_8,Nueva Gorgona,city_pa_13_3,13-3-8
correg_pa_13_3_9,Punta Chame,city_pa_13_3,13-3-9
correg_pa_13_3_10,Sajalices,city_pa_13_3,13-3-10
correg_pa_13_3_11,Sora,city_pa_13_3,13-3-11
correg_pa_13_4_1,Barrio Balboa,city_pa_13_4,13-4-1
correg_pa_13_4_2,Barrio Colon,city_pa_13_4,13-4-2
correg_pa_13_4_3,Amador,city_pa_13_4,13-4-3
correg_pa_13_4_4,Arosemena,city_pa_13_4,13-4-4
correg_pa_13_4_5,El Arado,city_pa_13_4,13-4-5
correg_pa_13_4_6,El Coco,city_pa_13_4,13-4-6
correg_pa_13_4_7,Feuillet,city_pa_13_4,13-4-7
correg_pa_13_4_8,Guadalupe,city_pa_13_4,13-4-8
correg_pa_13_4_9,Herrera,city_pa_13_4,13-4-9
correg_pa_13_4_10,Hurtado,city_pa_13_4,13-4-10
correg_pa_13_4_11,Iturralde,city_pa_13_4,13-4-11
correg_pa_13_4_12,La Represa,city_pa_13_4,13-4-12
correg_pa_13_4_13,Los Díaz,city_pa_13_4,13-4-13
correg_pa_13_4_14,Mendoza,city_pa_13_4,13-4-14
correg_pa_13_4_15,Obaldia,city_pa_13_4,13-4-15
correg_pa_13_4_16,Playa Leona,city_pa_13_4,13-4-16
correg_pa_13_4_17,Puerto Caimito,city_pa_13_4,13-4-17
correg_pa_13_4_18,Santa Rita,city_pa_13_4,13-4-18
correg_pa_13_5_1,San Carlos (Cabecera),city_pa_13_5,13-5-1
correg_pa_13_5_2,El Espino,city_pa_13_5,13-5-2
correg_pa_13_5_3,El Higo,city_pa_13_5,13-5-3
correg_pa_13_5_4,Guayabito,city_pa_13_5,13-5-4
correg_pa_13_5_5,La Ermita,city_pa_13_5,13-5-5
correg_pa_13_5_6,La Laguna,city_pa_13_5,13-5-6
correg_pa_13_5_7,Las Uvas,city_pa_13_5,13-5-7
correg_pa_13_5_8,Los Llanitos,city_pa_13_5,13-5-8
correg_pa_13_5_9,San José,city_pa_13_5,13-5-9
