"id","code","name","tag_ids","account_type","description","reconcile","non_trade","active","parent_id","depreciation_model_id"
"l10n_lk_110000","110000","Cash and cash equivalents","","asset_cash","Parent account for cash and bank balances","False","False","False","",""
"l10n_lk_110100","110100","Bank","account.account_tag_operating","asset_cash","Main operating bank accounts","True","False","True","l10n_lk_110000",""
"l10n_lk_110200","110200","Cash on Hand","account.account_tag_operating","asset_cash","Petty cash and till balances","True","False","True","l10n_lk_110000",""
"l10n_lk_110300","110300","Bank Suspense Account","account.account_tag_operating","asset_current","Unidentified bank lines","True","False","True","l10n_lk_110000",""
"account_journal_payment_debit_account_id","110400","Outstanding Receipts","account.account_tag_operating","asset_current","Incoming payments pending reconciliation","True","False","True","l10n_lk_110000",""
"account_journal_payment_credit_account_id","110500","Outstanding Payments","account.account_tag_operating","asset_current","Outgoing payments pending reconciliation","True","False","True","l10n_lk_110000",""
"l10n_lk_110600","110600","Funds in Transit","account.account_tag_operating","asset_current","Funds moving between accounts","False","False","True","l10n_lk_110000",""
"l10n_lk_120000","120000","Trade and other receivables","","asset_current","Parent account for receivables and prepayments","False","False","False","",""
"l10n_lk_120100","120100","Trade Receivables","account.account_tag_operating","asset_receivable","Due from customers","True","False","True","l10n_lk_120000",""
"l10n_lk_120200","120200","POS Receivables","account.account_tag_operating","asset_receivable","Due from Point of Sale transactions","True","False","True","l10n_lk_120000",""
"l10n_lk_120300","120300","Other Receivables","account.account_tag_operating","asset_receivable","Non-trade related dues","True","False","True","l10n_lk_120000",""
"l10n_lk_120400","120400","Amount Due from Directors","account.account_tag_operating","asset_current","Amounts owed to company by directors","True","False","True","l10n_lk_120000",""
"l10n_lk_120500","120500","Utility & Rental Deposits","account.account_tag_operating","asset_current","Deposits held for rent and utilities","True","False","True","l10n_lk_120000",""
"l10n_lk_120600","120600","Supplier Prepayments","account.account_tag_operating","asset_prepayments","Advances paid to suppliers","True","False","True","l10n_lk_120000",""
"l10n_lk_120700","120700","Prepaid Expenses","account.account_tag_operating","asset_prepayments","Expenses paid in advance","True","False","True","l10n_lk_120000",""
"l10n_lk_125000","125000","Financial assets (Current)","","asset_current","Parent account for short-term financial assets","False","False","False","",""
"l10n_lk_125100","125100","Short-Term Investments","account.account_tag_investing","asset_current","Short-term deposits and trading assets","False","False","True","l10n_lk_125000",""
"l10n_lk_130000","130000","Inventories","","asset_current","Parent account for stock and WIP","False","False","False","",""
"l10n_lk_130100","130100","Raw Materials","account.account_tag_operating","asset_current","Materials for production","False","False","True","l10n_lk_130000",""
"l10n_lk_130200","130200","Work in Progress","account.account_tag_operating","asset_current","Partially completed goods","False","False","True","l10n_lk_130000",""
"l10n_lk_130300","130300","Finished Goods","account.account_tag_operating","asset_current","Goods ready for sale","False","False","True","l10n_lk_130000",""
"l10n_lk_130400","130400","Goods for Resale","account.account_tag_operating","asset_current","Goods purchased for resale","False","False","True","l10n_lk_130000",""
"l10n_lk_140000","140000","Property, plant and equipment","","asset_fixed","Parent account for tangible operational assets","False","False","False","",""
"l10n_lk_140100","140100","Land","account.account_tag_investing","asset_fixed","Owned land","False","False","True","l10n_lk_140000","asset_no_depreciation"
"l10n_lk_140200","140200","Buildings","account.account_tag_investing","asset_fixed","Owned buildings","False","False","True","l10n_lk_140000","asset_20_year_linear"
"l10n_lk_140210","140210","Acc. Depr - Buildings","account.account_tag_investing","asset_fixed","Accumulated depreciation for buildings","False","False","True","l10n_lk_140000",""
"l10n_lk_140300","140300","Machinery and Equipment","account.account_tag_investing","asset_fixed","Production machinery","False","False","True","l10n_lk_140000","asset_10_year_linear"
"l10n_lk_140310","140310","Acc. Depr - Machinery","account.account_tag_investing","asset_fixed","Accumulated depreciation for machinery","False","False","True","l10n_lk_140000",""
"l10n_lk_140400","140400","Furniture and Fixtures","account.account_tag_investing","asset_fixed","Office furniture","False","False","True","l10n_lk_140000","asset_10_year_linear"
"l10n_lk_140410","140410","Acc. Depr - Furniture","account.account_tag_investing","asset_fixed","Accumulated depreciation for furniture","False","False","True","l10n_lk_140000",""
"l10n_lk_140500","140500","Motor Vehicles","account.account_tag_investing","asset_fixed","Company vehicles","False","False","True","l10n_lk_140000","asset_5_year_linear"
"l10n_lk_140510","140510","Acc. Depr - Vehicles","account.account_tag_investing","asset_fixed","Accumulated depreciation for vehicles","False","False","True","l10n_lk_140000",""
"l10n_lk_140600","140600","Computer Equipment","account.account_tag_investing","asset_fixed","IT hardware","False","False","True","l10n_lk_140000","asset_4_year_linear"
"l10n_lk_140610","140610","Acc. Depr - Computers","account.account_tag_investing","asset_fixed","Accumulated depreciation for IT equipment","False","False","True","l10n_lk_140000",""
"l10n_lk_150000","150000","Intangible assets","","asset_non_current","Parent account for non-physical assets","False","False","False","",""
"l10n_lk_150100","150100","Software and Licenses","account.account_tag_investing","asset_non_current","Purchased software","False","False","True","l10n_lk_150000","asset_5_year_linear"
"l10n_lk_150110","150110","Acc. Amortization - Software","account.account_tag_investing","asset_non_current","Accumulated amortization for software","False","False","True","l10n_lk_150000",""
"l10n_lk_155000","155000","Investment property","","asset_fixed","Parent account for investment properties","False","False","False","",""
"l10n_lk_155100","155100","Investment Property - Fair Value","account.account_tag_investing","asset_fixed","Property held for rental or capital gain","False","False","True","l10n_lk_155000","asset_no_depreciation"
"l10n_lk_155200","155200","Investment Property - Cost","account.account_tag_investing","asset_fixed","Investment property carried at cost","False","False","True","l10n_lk_155000","asset_20_year_linear"
"l10n_lk_155210","155210","Acc. Depr - Investment Property","account.account_tag_investing","asset_fixed","Accumulated depreciation for investment property carried at cost","False","False","True","l10n_lk_155000",""
"l10n_lk_160000","160000","Biological assets","","asset_non_current","Parent account for biological assets","False","False","False","",""
"l10n_lk_160100","160100","Biological Assets - Fair Value","account.account_tag_investing","asset_non_current","Living plants or animals at fair value","False","False","True","l10n_lk_160000","asset_no_depreciation"
"l10n_lk_160200","160200","Biological Assets - Cost","account.account_tag_investing","asset_non_current","Living plants or animals at cost","False","False","True","l10n_lk_160000","asset_20_year_linear"
"l10n_lk_160210","160210","Acc. Depr - Biological Assets","account.account_tag_investing","asset_non_current","Accumulated depreciation for biological assets","False","False","True","l10n_lk_160000",""
"l10n_lk_170000","170000","Investments in associates & JVs","","asset_non_current","Parent account for strategic investments","False","False","False","",""
"l10n_lk_170100","170100","Investments in Associates","account.account_tag_investing","asset_non_current","Equity investments in associates","False","False","True","l10n_lk_170000",""
"l10n_lk_170200","170200","Investments in Joint Ventures","account.account_tag_investing","asset_non_current","Equity investments in JVs","False","False","True","l10n_lk_170000",""
"l10n_lk_175000","175000","Financial assets (Non-Current)","","asset_non_current","Parent account for long-term financial assets","False","False","False","",""
"l10n_lk_175100","175100","Long-Term Securities","account.account_tag_investing","asset_non_current","Bonds and long-term securities","False","False","True","l10n_lk_175000",""
"l10n_lk_180000","180000","Assets for current tax","","asset_current","Parent account for tax assets","False","False","False","",""
"l10n_lk_180100","180100","Prepaid Tax","account.account_tag_operating","asset_current","Income tax prepayments","True","False","True","l10n_lk_180000",""
"l10n_lk_180200","180200","Input VAT","account.account_tag_operating","asset_current","VAT incurred on purchases","True","False","True","l10n_lk_180000",""
"l10n_lk_180300","180300","VAT Receivable","account.account_tag_operating","asset_receivable","VAT refunds due from authority","True","True","True","l10n_lk_180000",""
"l10n_lk_180400","180400","WHT Receivable","account.account_tag_operating","asset_receivable","Withholding tax deducted by customers","True","True","True","l10n_lk_180000",""
"l10n_lk_180500","180500","AIT Receivable","account.account_tag_operating","asset_receivable","Advance Income Tax claims","True","True","True","l10n_lk_180000",""
"l10n_lk_180600","180600","Withholding Tax Asset","account.account_tag_operating","asset_current","WHT deducted by customers to be claimed","True","False","True","l10n_lk_180000",""
"l10n_lk_190000","190000","Deferred tax assets","","asset_non_current","Parent account for deferred tax assets","False","False","False","",""
"l10n_lk_190100","190100","Deferred Tax Asset","account.account_tag_operating","asset_non_current","Future tax recoveries","False","False","True","l10n_lk_190000",""
"l10n_lk_210000","210000","Trade and other payables","","liability_current","Parent account for trade debts and accruals","False","False","False","",""
"l10n_lk_210100","210100","Trade Payables","account.account_tag_operating","liability_payable","Amounts due to suppliers","True","False","True","l10n_lk_210000",""
"l10n_lk_210200","210200","Other Payables","account.account_tag_operating","liability_payable","Non-trade payables","True","False","True","l10n_lk_210000",""
"l10n_lk_210300","210300","Receipt in Advance","account.account_tag_operating","liability_current","Customer prepayments","True","False","True","l10n_lk_210000",""
"l10n_lk_210400","210400","Amount Due to Directors","account.account_tag_operating","liability_current","Amounts owed to company directors","True","False","True","l10n_lk_210000",""
"l10n_lk_210500","210500","Accrued Expenses","account.account_tag_operating","liability_current","General accrued expenses","True","False","True","l10n_lk_210000",""
"l10n_lk_210600","210600","Salaries and Wages Payable","account.account_tag_operating","liability_current","Unpaid employee salaries","True","False","True","l10n_lk_210000",""
"l10n_lk_210700","210700","EPF/ETF Payable (Employer)","account.account_tag_operating","liability_current","Employer EPF/ETF contributions due","True","False","True","l10n_lk_210000",""
"l10n_lk_210800","210800","EPF Withheld (Employee)","account.account_tag_operating","liability_current","Employee EPF deductions to be remitted","True","False","True","l10n_lk_210000",""
"l10n_lk_210900","210900","Deferred Government Grants","account.account_tag_operating","liability_current","Grants pending performance conditions","True","False","True","l10n_lk_210000",""
"l10n_lk_220000","220000","Financial liabilities (Current)","","liability_current","Parent account for short-term borrowings","False","False","False","",""
"l10n_lk_220100","220100","Bank Overdrafts","account.account_tag_financing","liability_current","Overdrawn bank balances","True","False","True","l10n_lk_220000",""
"l10n_lk_220200","220200","Short-Term Bank Loans","account.account_tag_financing","liability_current","Loans due within 1 year","True","False","True","l10n_lk_220000",""
"l10n_lk_220300","220300","Credit Card","account.account_tag_operating","liability_credit_card","Credit card balances payable","True","False","True","l10n_lk_220000",""
"l10n_lk_230000","230000","Liabilities for current tax","","liability_current","Parent account for tax payables","False","False","False","",""
"l10n_lk_230100","230100","Output VAT","account.account_tag_operating","liability_current","VAT collected on sales","True","False","True","l10n_lk_230000",""
"l10n_lk_230200","230200","VAT Payable","account.account_tag_operating","liability_payable","VAT due to authority","True","True","True","l10n_lk_230000",""
"l10n_lk_230300","230300","WHT Payable","account.account_tag_operating","liability_payable","WHT to be remitted","True","True","True","l10n_lk_230000",""
"l10n_lk_230400","230400","AIT Payable","account.account_tag_operating","liability_payable","AIT to be remitted","True","True","True","l10n_lk_230000",""
"l10n_lk_230500","230500","PAYE Withheld","account.account_tag_operating","liability_current","PAYE deducted from staff","True","False","True","l10n_lk_230000",""
"l10n_lk_230600","230600","Withholding Tax Liability","account.account_tag_operating","liability_current","WHT deducted and to be remitted","True","False","True","l10n_lk_230000",""
"l10n_lk_240000","240000","Provisions (Current)","","liability_current","Parent account for short-term provisions","False","False","False","",""
"l10n_lk_240100","240100","Warranty Provisions","account.account_tag_operating","liability_current","Product warranty estimates","False","False","True","l10n_lk_240000",""
"l10n_lk_250000","250000","Financial liabilities (Non-Current)","","liability_non_current","Parent account for long-term borrowings","False","False","False","",""
"l10n_lk_250100","250100","Long-Term Bank Loans","account.account_tag_financing","liability_non_current","Loans due after 1 year","False","False","True","l10n_lk_250000",""
"l10n_lk_260000","260000","Provisions (Non-Current)","","liability_non_current","Parent account for long-term provisions","False","False","False","",""
"l10n_lk_260100","260100","Retirement Benefit Obligations","account.account_tag_operating","liability_non_current","Gratuity provision","False","False","True","l10n_lk_260000",""
"l10n_lk_270000","270000","Deferred tax liabilities","","liability_non_current","Parent account for deferred tax liabilities","False","False","False","",""
"l10n_lk_270100","270100","Deferred Tax Liability","account.account_tag_operating","liability_non_current","Future tax liabilities","False","False","True","l10n_lk_270000",""
"l10n_lk_310000","310000","Equity attributable to owners","","equity","Parent account for share capital and reserves","False","False","False","",""
"l10n_lk_310100","310100","Share Capital","account.account_tag_financing","equity","Issued capital","False","False","True","l10n_lk_310000",""
"l10n_lk_310200","310200","Share Premium","account.account_tag_financing","equity","Capital paid in excess of par value","False","False","True","l10n_lk_310000",""
"l10n_lk_310300","310300","Retained Earnings","","equity","Accumulated profit or loss","False","False","True","l10n_lk_310000",""
"l10n_lk_310400","310400","Current Year Earnings","","equity_unaffected","Automatically calculated profit","False","False","True","l10n_lk_310000",""
"l10n_lk_310500","310500","Dividends Paid","account.account_tag_financing","equity","Distributions to owners","False","False","True","l10n_lk_310000",""
"l10n_lk_310600","310600","Revaluation Surplus","l10n_lk.account_tag_oci","equity","Asset revaluation gains","False","False","True","l10n_lk_310000",""
"l10n_lk_310900","310900","Actuarial Gains/Losses on Defined Benefits","l10n_lk.account_tag_oci","equity","Actuarial adjustments to gratuity","False","False","True","l10n_lk_310000",""
"l10n_lk_320000","320000","Non-controlling interest","","equity","Parent account for non-controlling interest","False","False","False","",""
"l10n_lk_320100","320100","Non-Controlling Interest","","equity","Equity belonging to minority shareholders","False","False","True","l10n_lk_320000",""
"l10n_lk_410100","410100","Sales of Goods","account.account_tag_operating","income","Revenue from product sales","False","False","True","",""
"l10n_lk_410200","410200","Service Revenue","account.account_tag_operating","income","Revenue from services rendered","False","False","True","",""
"l10n_lk_420100","420100","Interest Income","account.account_tag_investing","income_other","Interest earned","False","False","True","",""
"l10n_lk_420200","420200","Foreign Exchange Gain","account.account_tag_operating","income_other","Gains from currency exchange","False","False","True","",""
"l10n_lk_420300","420300","Share of Profit of Associates & JVs","account.account_tag_investing","income_other","Equity method investment profits","False","False","True","",""
"l10n_lk_420400","420400","Cash Difference Gain","account.account_tag_operating","income_other","Till overages","False","False","True","",""
"l10n_lk_420500","420500","Cash/Early Payment Discount Gain","account.account_tag_operating","income_other","Discounts received from suppliers for early settlement","False","False","True","",""
"l10n_lk_420600","420600","Fair Value Adjustment Gain","account.account_tag_operating","income_other","Gains from fair value adjustments on assets","False","False","True","",""
"l10n_lk_420700","420700","Government Grant Income","account.account_tag_operating","income_other","Income recognized from grants","False","False","True","",""
"l10n_lk_510100","510100","Raw Materials Consumed","account.account_tag_operating","expense_direct_cost","Cost of materials used","False","False","True","",""
"l10n_lk_510200","510200","Goods for Resale","account.account_tag_operating","expense_direct_cost","Purchases for sale","False","False","True","",""
"l10n_lk_510300","510300","Direct Labor","account.account_tag_operating","expense_direct_cost","Production wages","False","False","True","",""
"l10n_lk_510400","510400","Freight and Transport","account.account_tag_operating","expense_direct_cost","Inbound freight costs","False","False","True","",""
"l10n_lk_510500","510500","Stock Variation","account.account_tag_operating","expense_direct_cost","Change in inventory levels","False","False","True","",""
"l10n_lk_510600","510600","Inventory Impairment / Write-down","account.account_tag_operating","expense_direct_cost","Loss from inventory obsolescence","False","False","True","",""
"l10n_lk_520100","520100","Wages & Salaries","account.account_tag_operating","expense","Employee salaries","False","False","True","",""
"l10n_lk_520200","520200","EPF/ETF Contribution","account.account_tag_operating","expense","Employer EPF/ETF costs","False","False","True","",""
"l10n_lk_520300","520300","Directors Remuneration","account.account_tag_operating","expense","Director fees","False","False","True","",""
"l10n_lk_520400","520400","Rent & Rates","account.account_tag_operating","expense","Facility rent","False","False","True","",""
"l10n_lk_520500","520500","Utilities","account.account_tag_operating","expense","Electricity/Water/Gas","False","False","True","",""
"l10n_lk_520600","520600","Telecommunication","account.account_tag_operating","expense","Phone and internet","False","False","True","",""
"l10n_lk_520700","520700","Printing & Stationery","account.account_tag_operating","expense","Office supplies","False","False","True","",""
"l10n_lk_520800","520800","Repairs & Maintenance","account.account_tag_operating","expense","General repairs","False","False","True","",""
"l10n_lk_520900","520900","Professional Fees","account.account_tag_operating","expense","Audit/Legal fees","False","False","True","",""
"l10n_lk_521000","521000","Foreign Exchange Loss","account.account_tag_operating","expense_other","Losses from currency exchange","False","False","True","",""
"l10n_lk_521100","521100","Impairment of Receivables","account.account_tag_operating","expense","Bad debts and receivable impairment","False","False","True","",""
"l10n_lk_521200","521200","Impairment of Fixed Assets","account.account_tag_operating","expense","Fixed asset impairment","False","False","True","",""
"l10n_lk_521300","521300","Share of Loss of Associates & JVs","account.account_tag_investing","expense","Equity method investment losses","False","False","True","",""
"l10n_lk_521400","521400","Cash Difference Loss","account.account_tag_operating","expense_other","Till shortages","False","False","True","",""
"l10n_lk_521500","521500","Non-Recoverable Taxes","account.account_tag_operating","expense","Non-deductible WHT and VAT absorbed","False","False","True","",""
"l10n_lk_521600","521600","Cash/Early Payment Discount Loss","account.account_tag_operating","expense","Discounts granted to customers for early settlement","False","False","True","",""
"l10n_lk_521700","521700","Fair Value Adjustment Loss","account.account_tag_operating","expense_other","Losses from fair value adjustments on assets","False","False","True","",""
"l10n_lk_521800","521800","Retirement Benefit Expense","account.account_tag_operating","expense","Annual gratuity and pension charges","False","False","True","",""
"l10n_lk_521900","521900","Warranty Expense","account.account_tag_operating","expense","Estimated cost of product warranties","False","False","True","",""
"l10n_lk_610000","610000","Depreciation and Amortization","","expense_depreciation","Parent account for depreciation","False","False","False","",""
"l10n_lk_610100","610100","Depr - Buildings","account.account_tag_operating","expense_depreciation","Building depreciation","False","False","True","l10n_lk_610000",""
"l10n_lk_610200","610200","Depr - Machinery","account.account_tag_operating","expense_depreciation","Machinery depreciation","False","False","True","l10n_lk_610000",""
"l10n_lk_610300","610300","Depr - Furniture","account.account_tag_operating","expense_depreciation","Furniture depreciation","False","False","True","l10n_lk_610000",""
"l10n_lk_610400","610400","Depr - Vehicles","account.account_tag_operating","expense_depreciation","Vehicle depreciation","False","False","True","l10n_lk_610000",""
"l10n_lk_610500","610500","Depr - Computers","account.account_tag_operating","expense_depreciation","Computer depreciation","False","False","True","l10n_lk_610000",""
"l10n_lk_610600","610600","Amortization Exp - Software","account.account_tag_operating","expense_depreciation","Intangible amortization","False","False","True","l10n_lk_610000",""
"l10n_lk_610700","610700","Depr - Investment Property","account.account_tag_operating","expense_depreciation","Depreciation on investment property","False","False","True","l10n_lk_610000",""
"l10n_lk_610800","610800","Depr - Biological Assets","account.account_tag_operating","expense_depreciation","Depreciation on biological assets carried at cost","False","False","True","l10n_lk_610000",""
"l10n_lk_810100","810100","Interest Expense","l10n_lk.account_tag_fc,account.account_tag_financing","expense","Loan interest","False","False","True","",""
"l10n_lk_810200","810200","Bank Charges","account.account_tag_operating","expense","Routine bank fees","False","False","True","",""
"l10n_lk_910100","910100","Income Tax Charge","l10n_lk.account_tag_ite,account.account_tag_operating","expense","Current year tax expense","False","False","True","",""
"l10n_lk_999999","999999","Undistributed Profits/Losses","","equity_unaffected","System account for unallocated profit or loss","False","False","True","",""
