<?xml version="1.0" encoding="utf-8"?>
<odoo>

    <record id="sgst_tag_tax" model="account.account.tag">
        <field name="name">SGST</field>
        <field name="applicability">taxes</field>
    </record>
    <record id="cgst_tag_tax" model="account.account.tag">
        <field name="name">CGST</field>
        <field name="applicability">taxes</field>
    </record>
    <record id="igst_tag_tax" model="account.account.tag">
        <field name="name">IGST</field>
        <field name="applicability">taxes</field>
    </record>

    <!-- GST TAXES-->

    <!-- SGST & CGST Sales Group Tax -->

    <record id="sgst_sale_0_5" model="account.tax">
        <field name="name">SGST Sale 0.5%</field>
        <field name="description">SGST 0.5%</field>
        <field name="type_tax_use">none</field>
        <field name="amount_type">percent</field>
        <field name="amount">0.5</field>
        <field name="account_id" ref="p11232"/>
        <field name="tag_ids" eval="[(6,0,[ref('sgst_tag_tax'),])]"/>

    </record>

    <record id="cgst_sale_0_5" model="account.tax">
        <field name="name">CGST Sale 0.5%</field>
        <field name="description">CGST 0.5%</field>
        <field name="type_tax_use">none</field>
        <field name="amount_type">percent</field>
        <field name="amount">0.5</field>
        <field name="account_id" ref="p11233"/>
        <field name="tag_ids" eval="[(6,0,[ref('cgst_tag_tax'),])]"/>
    </record>

    <record id="sgst_sale_1" model="account.tax">
        <field name="name">GST 1%</field>
        <field name="description">GST 1%</field>
        <field name="type_tax_use">sale</field>
        <field name="amount_type">group</field>
        <field name="amount">0</field>
        <field name="children_tax_ids" eval="[(6, 0, [ref('sgst_sale_0_5'), ref('cgst_sale_0_5'),])]"/>
    </record>

    <record id="sgst_sale_1_2" model="account.tax">
        <field name="name">SGST Sale 1%</field>
        <field name="description">SGST 1%</field>
        <field name="type_tax_use">none</field>
        <field name="amount_type">percent</field>
        <field name="amount">1</field>
        <field name="account_id" ref="p11232"/>
        <field name="tag_ids" eval="[(6,0,[ref('sgst_tag_tax'),])]"/>
    </record>

    <record id="cgst_sale_1_2" model="account.tax">
        <field name="name">CGST Sale 1%</field>
        <field name="description">CGST 1%</field>
        <field name="type_tax_use">none</field>
        <field name="amount_type">percent</field>
        <field name="amount">1</field>
        <field name="account_id" ref="p11233"/>
        <field name="tag_ids" eval="[(6,0,[ref('cgst_tag_tax'),])]"/>
    </record>

    <record id="sgst_sale_2" model="account.tax">
        <field name="name">GST 2%</field>
        <field name="description">GST 2%</field>
        <field name="type_tax_use">sale</field>
        <field name="amount_type">group</field>
        <field name="amount">0</field>
        <field name="children_tax_ids" eval="[(6, 0, [ref('sgst_sale_1_2'), ref('cgst_sale_1_2'),])]"/>
    </record>

    <record id="sgst_sale_2_5" model="account.tax">
        <field name="name">SGST Sale 2.5%</field>
        <field name="description">SGST 2.5%</field>
        <field name="type_tax_use">none</field>
        <field name="amount_type">percent</field>
        <field name="amount">2.5</field>
        <field name="account_id" ref="p11232"/>
        <field name="tag_ids" eval="[(6,0,[ref('sgst_tag_tax'),])]"/>
    </record>

    <record id="cgst_sale_2_5" model="account.tax">
        <field name="name">CGST Sale 2.5%</field>
        <field name="description">CGST 2.5%</field>
        <field name="type_tax_use">none</field>
        <field name="amount_type">percent</field>
        <field name="amount">2.5</field>
        <field name="account_id" ref="p11233"/>
        <field name="tag_ids" eval="[(6,0,[ref('cgst_tag_tax'),])]"/>
    </record>

    <record id="sgst_sale_5" model="account.tax">
        <field name="name">GST 5%</field>
        <field name="description">GST 5%</field>
        <field name="type_tax_use">sale</field>
        <field name="amount_type">group</field>
        <field name="amount">0</field>
        <field name="children_tax_ids" eval="[(6, 0, [ref('sgst_sale_2_5'), ref('cgst_sale_2_5'),])]"/>
    </record>

    <record id="sgst_sale_6" model="account.tax">
        <field name="name">SGST Sale 6%</field>
        <field name="description">SGST 6%</field>
        <field name="type_tax_use">none</field>
        <field name="amount_type">percent</field>
        <field name="amount">6</field>
        <field name="account_id" ref="p11232"/>
        <field name="tag_ids" eval="[(6,0,[ref('sgst_tag_tax'),])]"/>
    </record>

    <record id="cgst_sale_6" model="account.tax">
        <field name="name">CGST Sale 6%</field>
        <field name="description">CGST 12%</field>
        <field name="type_tax_use">none</field>
        <field name="amount_type">percent</field>
        <field name="amount">6</field>
        <field name="account_id" ref="p11233"/>
        <field name="tag_ids" eval="[(6,0,[ref('cgst_tag_tax'),])]"/>
    </record>

    <record id="sgst_sale_12" model="account.tax">
        <field name="name">GST 12%</field>
        <field name="description">GST 12%</field>
        <field name="type_tax_use">sale</field>
        <field name="amount_type">group</field>
        <field name="amount">0</field>
        <field name="children_tax_ids" eval="[(6, 0, [ref('sgst_sale_6'),ref('cgst_sale_6'),])]"/>
    </record>

    <record id="sgst_sale_9" model="account.tax">
        <field name="name">SGST Sale 9%</field>
        <field name="description">SGST 9%</field>
        <field name="type_tax_use">none</field>
        <field name="amount_type">percent</field>
        <field name="amount">9</field>
        <field name="account_id" ref="p11232"/>
        <field name="tag_ids" eval="[(6,0,[ref('sgst_tag_tax'),])]"/>
    </record>

    <record id="cgst_sale_9" model="account.tax">
        <field name="name">CGST Sale 9%</field>
        <field name="description">CGST 9%</field>
        <field name="type_tax_use">none</field>
        <field name="amount_type">percent</field>
        <field name="amount">9</field>
        <field name="account_id" ref="p11233"/>
        <field name="tag_ids" eval="[(6,0,[ref('cgst_tag_tax'),])]"/>
    </record>

    <record id="sgst_sale_18" model="account.tax">
        <field name="name">GST 18%</field>
        <field name="description">GST 18%</field>
        <field name="type_tax_use">sale</field>
        <field name="amount_type">group</field>
        <field name="amount">0</field>
        <field name="children_tax_ids" eval="[(6, 0, [ref('sgst_sale_9'),ref('cgst_sale_9'),])]"/>
    </record>

    <record id="sgst_sale_14" model="account.tax">
        <field name="name">SGST Sale 14%</field>
        <field name="description">SGST 14%</field>
        <field name="type_tax_use">none</field>
        <field name="amount_type">percent</field>
        <field name="amount">14</field>
        <field name="account_id" ref="p11232"/>
        <field name="tag_ids" eval="[(6,0,[ref('sgst_tag_tax'),])]"/>
    </record>

    <record id="cgst_sale_14" model="account.tax">
        <field name="name">CGST Sale 14%</field>
        <field name="description">CGST 14%</field>
        <field name="type_tax_use">none</field>
        <field name="amount_type">percent</field>
        <field name="amount">14</field>
        <field name="account_id" ref="p11233"/>
        <field name="tag_ids" eval="[(6,0,[ref('cgst_tag_tax'),])]"/>
    </record>

    <record id="sgst_sale_28" model="account.tax">
        <field name="name">GST 28%</field>
        <field name="description">GST 28%</field>
        <field name="type_tax_use">sale</field>
        <field name="amount_type">group</field>
        <field name="amount">0</field>
        <field name="children_tax_ids" eval="[(6, 0, [ref('sgst_sale_14'),ref('cgst_sale_14'),])]"/>
    </record>

    <!-- IGST -->

    <record id="igst_sale_1" model="account.tax">
        <field name="name">IGST 1%</field>
        <field name="description">IGST 1%</field>
        <field name="type_tax_use">sale</field>
        <field name="amount_type">percent</field>
        <field name="amount">1</field>
        <field name="account_id" ref="p11234"/>
        <field name="tag_ids" eval="[(6,0,[ref('igst_tag_tax'),])]"/>
    </record>

    <record id="igst_sale_2" model="account.tax">
        <field name="name">IGST 2%</field>
        <field name="description">IGST 2%</field>
        <field name="type_tax_use">sale</field>
        <field name="amount_type">percent</field>
        <field name="amount">2</field>
        <field name="account_id" ref="p11234"/>
        <field name="tag_ids" eval="[(6,0,[ref('igst_tag_tax'),])]"/>
    </record>

    <record id="igst_sale_5" model="account.tax">
        <field name="name">IGST 5%</field>
        <field name="description">IGST 5%</field>
        <field name="type_tax_use">sale</field>
        <field name="amount_type">percent</field>
        <field name="amount">5</field>
        <field name="account_id" ref="p11234"/>
        <field name="tag_ids" eval="[(6,0,[ref('igst_tag_tax'),])]"/>
    </record>

    <record id="igst_sale_12" model="account.tax">
        <field name="name">IGST 12%</field>
        <field name="description">IGST 12%</field>
        <field name="type_tax_use">sale</field>
        <field name="amount_type">percent</field>
        <field name="amount">12</field>
        <field name="account_id" ref="p11234"/>
        <field name="tag_ids" eval="[(6,0,[ref('igst_tag_tax'),])]"/>
    </record>

    <record id="igst_sale_18" model="account.tax">
        <field name="name">IGST 18%</field>
        <field name="description">IGST 18%</field>
        <field name="type_tax_use">sale</field>
        <field name="amount_type">percent</field>
        <field name="amount">18</field>
        <field name="account_id" ref="p11234"/>
        <field name="tag_ids" eval="[(6,0,[ref('igst_tag_tax'),])]"/>
    </record>

    <record id="igst_sale_28" model="account.tax">
        <field name="name">IGST 28%</field>
        <field name="description">IGST 28%</field>
        <field name="type_tax_use">sale</field>
        <field name="amount_type">percent</field>
        <field name="amount">28</field>
        <field name="account_id" ref="p11234"/>
        <field name="tag_ids" eval="[(6,0,[ref('igst_tag_tax'),])]"/>
    </record>

    <!-- SGST & CGST Purchase Group Tax -->

    <record id="sgst_purchase_0_5" model="account.tax">
        <field name="name">SGST Purchase 0.5%</field>
        <field name="description">SGST 0.5%</field>
        <field name="type_tax_use">none</field>
        <field name="amount_type">percent</field>
        <field name="amount">0.5</field>
        <field name="account_id" ref="p10051"/>
        <field name="tag_ids" eval="[(6,0,[ref('sgst_tag_tax'),])]"/>
    </record>

    <record id="cgst_purchase_0_5" model="account.tax">
        <field name="name">CGST Purchase 0.5%</field>
        <field name="description">CGST 0.5%</field>
        <field name="type_tax_use">none</field>
        <field name="amount_type">percent</field>
        <field name="amount">0.5</field>
        <field name="account_id" ref="p10052"/>
        <field name="tag_ids" eval="[(6,0,[ref('cgst_tag_tax'),])]"/>
    </record>

    <record id="sgst_purchase_1" model="account.tax">
        <field name="name">GST 1%</field>
        <field name="description">GST 1%</field>
        <field name="type_tax_use">purchase</field>
        <field name="amount_type">group</field>
        <field name="amount">0</field>
        <field name="children_tax_ids" eval="[(6, 0, [ref('sgst_purchase_0_5'),ref('cgst_purchase_0_5'),])]"/>
    </record>

    <record id="sgst_purchase_1_2" model="account.tax">
        <field name="name">SGST Purchase 1%</field>
        <field name="description">SGST 1%</field>
        <field name="type_tax_use">none</field>
        <field name="amount_type">percent</field>
        <field name="amount">1</field>
        <field name="account_id" ref="p10051"/>
        <field name="tag_ids" eval="[(6,0,[ref('sgst_tag_tax'),])]"/>
    </record>

    <record id="cgst_purchase_1_2" model="account.tax">
        <field name="name">CGST Purchase 1%</field>
        <field name="description">CGST 1%</field>
        <field name="type_tax_use">none</field>
        <field name="amount_type">percent</field>
        <field name="amount">1</field>
        <field name="account_id" ref="p10052"/>
        <field name="tag_ids" eval="[(6,0,[ref('cgst_tag_tax'),])]"/>
    </record>

    <record id="sgst_purchase_2" model="account.tax">
        <field name="name">GST 2%</field>
        <field name="description">GST 2%</field>
        <field name="type_tax_use">purchase</field>
        <field name="amount_type">group</field>
        <field name="amount">0</field>
        <field name="children_tax_ids" eval="[(6, 0, [ref('sgst_purchase_1_2'),ref('cgst_purchase_1_2'),])]"/>
    </record>

    <record id="sgst_purchase_2_5" model="account.tax">
        <field name="name">SGST Purchase 2.5%</field>
        <field name="description">SGST 2.5%</field>
        <field name="type_tax_use">none</field>
        <field name="amount_type">percent</field>
        <field name="amount">2.5</field>
        <field name="account_id" ref="p10051"/>
        <field name="tag_ids" eval="[(6,0,[ref('sgst_tag_tax'),])]"/>
    </record>

    <record id="cgst_purchase_2_5" model="account.tax">
        <field name="name">CGST Purchase 2.5%</field>
        <field name="description">CGST 2.5%</field>
        <field name="type_tax_use">none</field>
        <field name="amount_type">percent</field>
        <field name="amount">2.5</field>
        <field name="account_id" ref="p10052"/>
        <field name="tag_ids" eval="[(6,0,[ref('cgst_tag_tax'),])]"/>
    </record>

    <record id="sgst_purchase_5" model="account.tax">
        <field name="name">GST 5%</field>
        <field name="description">GST 5%</field>
        <field name="type_tax_use">purchase</field>
        <field name="amount_type">group</field>
        <field name="amount">0</field>
        <field name="children_tax_ids" eval="[(6, 0, [ref('sgst_purchase_2_5'),ref('cgst_purchase_2_5'),])]"/>
    </record>

    <record id="sgst_purchase_6" model="account.tax">
        <field name="name">SGST Purchase 6%</field>
        <field name="description">SGST 6%</field>
        <field name="type_tax_use">none</field>
        <field name="amount_type">percent</field>
        <field name="amount">6</field>
        <field name="account_id" ref="p10051"/>
        <field name="tag_ids" eval="[(6,0,[ref('sgst_tag_tax'),])]"/>
    </record>

    <record id="cgst_purchase_6" model="account.tax">
        <field name="name">CGST Purchase 6%</field>
        <field name="description">CGST 6%</field>
        <field name="type_tax_use">none</field>
        <field name="amount_type">percent</field>
        <field name="amount">6</field>
        <field name="account_id" ref="p10052"/>
        <field name="tag_ids" eval="[(6,0,[ref('cgst_tag_tax'),])]"/>
    </record>

    <record id="sgst_purchase_12" model="account.tax">
        <field name="name">GST 12%</field>
        <field name="description">GST 12%</field>
        <field name="type_tax_use">purchase</field>
        <field name="amount_type">group</field>
        <field name="amount">0</field>
        <field name="children_tax_ids" eval="[(6, 0, [ref('sgst_purchase_6'),ref('cgst_purchase_6'),])]"/>
    </record>

    <record id="sgst_purchase_9" model="account.tax">
        <field name="name">SGST Purchase 9%</field>
        <field name="description">SGST 9%</field>
        <field name="type_tax_use">none</field>
        <field name="amount_type">percent</field>
        <field name="amount">9</field>
        <field name="account_id" ref="p10051"/>
        <field name="tag_ids" eval="[(6,0,[ref('sgst_tag_tax'),])]"/>
    </record>

    <record id="cgst_purchase_9" model="account.tax">
        <field name="name">CGST Purchase 9%</field>
        <field name="description">CGST 9%</field>
        <field name="type_tax_use">none</field>
        <field name="amount_type">percent</field>
        <field name="amount">9</field>
        <field name="account_id" ref="p10052"/>
        <field name="tag_ids" eval="[(6,0,[ref('cgst_tag_tax'),])]"/>
    </record>

    <record id="sgst_purchase_18" model="account.tax">
        <field name="name">GST 18%</field>
        <field name="description">GST 18%</field>
        <field name="type_tax_use">purchase</field>
        <field name="amount_type">group</field>
        <field name="amount">0</field>
        <field name="children_tax_ids" eval="[(6, 0, [ref('sgst_purchase_9'),ref('cgst_purchase_9'),])]"/>
    </record>

    <record id="sgst_purchase_14" model="account.tax">
        <field name="name">SGST Purchase 14%</field>
        <field name="description">SGST 14%</field>
        <field name="type_tax_use">none</field>
        <field name="amount_type">percent</field>
        <field name="amount">14</field>
        <field name="account_id" ref="p10051"/>
        <field name="tag_ids" eval="[(6,0,[ref('sgst_tag_tax'),])]"/>
    </record>

    <record id="cgst_purchase_14" model="account.tax">
        <field name="name">CGST Purchase 14%</field>
        <field name="description">CGST 14%</field>
        <field name="type_tax_use">none</field>
        <field name="amount_type">percent</field>
        <field name="amount">14</field>
        <field name="account_id" ref="p10052"/>
        <field name="tag_ids" eval="[(6,0,[ref('cgst_tag_tax'),])]"/>
    </record>

    <record id="sgst_purchase_28" model="account.tax">
        <field name="name">GST 28%</field>
        <field name="description">GST 28%</field>
        <field name="type_tax_use">purchase</field>
        <field name="amount_type">group</field>
        <field name="amount">0</field>
        <field name="children_tax_ids" eval="[(6, 0, [ref('sgst_purchase_14'),ref('cgst_purchase_14'),])]"/>
    </record>

    <!-- IGST -->

    <record id="igst_purchase_1" model="account.tax">
        <field name="name">IGST 1%</field>
        <field name="description">IGST 1%</field>
        <field name="type_tax_use">purchase</field>
        <field name="amount_type">percent</field>
        <field name="amount">1</field>
        <field name="account_id" ref="p10053"/>
        <field name="tag_ids" eval="[(6,0,[ref('igst_tag_tax'),])]"/>
    </record>

    <record id="igst_purchase_2" model="account.tax">
        <field name="name">IGST 2%</field>
        <field name="description">IGST 2%</field>
        <field name="type_tax_use">purchase</field>
        <field name="amount_type">percent</field>
        <field name="amount">2</field>
        <field name="account_id" ref="p10053"/>
        <field name="tag_ids" eval="[(6,0,[ref('igst_tag_tax'),])]"/>
    </record>

    <record id="igst_purchase_5" model="account.tax">
        <field name="name">IGST 5%</field>
        <field name="description">IGST 5%</field>
        <field name="type_tax_use">purchase</field>
        <field name="amount_type">percent</field>
        <field name="amount">5</field>
        <field name="account_id" ref="p10053"/>
        <field name="tag_ids" eval="[(6,0,[ref('igst_tag_tax'),])]"/>
    </record>

    <record id="igst_purchase_12" model="account.tax">
        <field name="name">IGST 12%</field>
        <field name="description">IGST 12%</field>
        <field name="type_tax_use">purchase</field>
        <field name="amount_type">percent</field>
        <field name="amount">12</field>
        <field name="account_id" ref="p10053"/>
        <field name="tag_ids" eval="[(6,0,[ref('igst_tag_tax'),])]"/>
    </record>

    <record id="igst_purchase_18" model="account.tax">
        <field name="name">IGST 18%</field>
        <field name="description">IGST 18%</field>
        <field name="type_tax_use">purchase</field>
        <field name="amount_type">percent</field>
        <field name="amount">18</field>
        <field name="account_id" ref="p10053"/>
        <field name="tag_ids" eval="[(6,0,[ref('igst_tag_tax'),])]"/>
    </record>

    <record id="igst_purchase_28" model="account.tax">
        <field name="name">IGST 28%</field>
        <field name="description">IGST 28%</field>
        <field name="type_tax_use">purchase</field>
        <field name="amount_type">percent</field>
        <field name="amount">28</field>
        <field name="account_id" ref="p10053"/>
        <field name="tag_ids" eval="[(6,0,[ref('igst_tag_tax'),])]"/>
    </record>

    <record id="default_sale_tax_config" model="ir.config_parameter">
        <field name="key">default_sale_tax_id</field>
        <field name="value" ref="sgst_sale_5"/>
    </record>

    <record id="default_purchase_tax_config" model="ir.config_parameter">
        <field name="key">default_purchase_tax_id</field>
        <field name="value" ref="sgst_purchase_5"/>
    </record>

</odoo>
