"id","parent_id","active","code","name","account_type","reconcile","tag_ids","non_trade","name@my_MM"
"l10n_mm_account_1000","","False","1000","Cash and Cash Equivalents","asset_cash","False","","False","ငွေသားနှင့် ငွေသားတူပစ္စည်းများ"
"l10n_mm_account_1010","l10n_mm_account_1000","True","1010","Cash on Hand","asset_cash","False","","False","လက်ဝယ်ရှိငွေသား"
"l10n_mm_account_1020","l10n_mm_account_1000","True","1020","Petty Cash Fund","asset_cash","False","","False","သေးငယ်သောအသုံးစရိတ် ရန်ပုံငွေ"
"l10n_mm_account_1030","l10n_mm_account_1000","True","1030","Cash in Bank - MMK","asset_cash","False","","False","ဘဏ်လက်ကျန်ငွေ (မြန်မာကျပ်)"
"l10n_mm_account_1035","l10n_mm_account_1000","True","1035","Cash in Bank - USD","asset_cash","False","","False","ဘဏ်လက်ကျန်ငွေ (အမေရိကန်ဒေါ်လာ)"
"l10n_mm_account_1040","l10n_mm_account_1000","True","1040","Bank Suspense Account","asset_current","False","","False","ဘဏ်ဆိုင်းငံ့စာရင်း"
"l10n_mm_account_1050","l10n_mm_account_1000","True","1050","Liquidity Transfer","asset_current","False","","False","ငွေဖြစ်လွယ်မှု လွှဲပြောင်းမှု"
"l10n_mm_account_1100","","False","1100","Trade Receivables","asset_current","False","","False","ရရန်ရှိသော ကုန်သွယ်မှုစာရင်းများ"
"l10n_mm_account_1105","l10n_mm_account_1100","True","1105","Accounts Receivable - Trade","asset_receivable","True","account.account_tag_operating","False","ရရန်ရှိသော ကုန်သွယ်မှုစာရင်းများ"
"l10n_mm_account_1110","l10n_mm_account_1100","True","1110","Accounts Receivable (POS)","asset_receivable","True","account.account_tag_operating","False","ရရန်ရှိစာရင်းများ (POS)"
"l10n_mm_account_1115","l10n_mm_account_1100","True","1115","Accounts Receivable - Other Trade and Non-Trade","asset_receivable","True","account.account_tag_operating","True","ရရန်ရှိစာရင်းများ - အခြားကုန်သွယ်မှုနှင့် ကုန်သွယ်မှုမဟုတ်သော"
"l10n_mm_account_1120","l10n_mm_account_1100","True","1120","Input Commercial Tax Receivable","asset_receivable","True","account.account_tag_operating","True","ကုန်သွယ်လုပ်ငန်းခွန် (အဝယ်) ရရန်ရှိ"
"l10n_mm_account_1130","l10n_mm_account_1100","True","1130","Withholding Tax Credit/Receivable","asset_receivable","True","account.account_tag_operating","True","ပင်ရင်းမှနုတ်ယူခွန် (WHT) ရရန်ရှိ"
"l10n_mm_account_1200","","False","1200","Allowances and Advances","asset_current","False","","False","ဆုံးရှုံးနိုင်ခြေ ပြင်ဆင်မှုနှင့် ကြိုတင်ထုတ်ပေးငွေများ"
"l10n_mm_account_1210","l10n_mm_account_1200","True","1210","Allowance for Bad Debts/Doubtful Accounts","asset_current","False","account.account_tag_operating","False","ဆုံးရှုံးနိုင်သော ကြွေးကြိုတင်ပြင်ဆင်မှု"
"l10n_mm_account_1220","l10n_mm_account_1200","True","1220","Allowance for POS Errors","asset_current","False","account.account_tag_operating","False","POS အမှားအယွင်းများအတွက် ပြင်ဆင်စာရင်း"
"l10n_mm_account_1300","","False","1300","Inventories","asset_current","False","","False","ကုန်ပစ္စည်းလက်ကျန်များ"
"l10n_mm_account_1305","l10n_mm_account_1300","True","1305","Inventory","asset_current","False","account.account_tag_operating","False","ကုန်ပစ္စည်းလက်ကျန်"
"l10n_mm_account_1400","","False","1400","Other Receivables","asset_current","False","","False","အခြား ရရန်ရှိသော စာရင်းများ"
"l10n_mm_account_1410","l10n_mm_account_1400","True","1410","Input Commercial Tax","asset_current","False","account.account_tag_operating","False","ကုန်သွယ်လုပ်ငန်းခွန် (အဝယ်)"
"l10n_mm_account_1420","l10n_mm_account_1400","True","1420","Creditable Income Tax","asset_current","False","account.account_tag_operating","False","ခုနှိမ်ခွင့်ရှိ ဝင်ငွေခွန်"
"l10n_mm_account_1430","l10n_mm_account_1400","True","1430","Notes and Loans Receivable","asset_current","False","account.account_tag_investing","False","ရရန်ရှိသော ကတိဝန်ခံလွှာများနှင့် ချေးငွေများ"
"l10n_mm_account_1440","l10n_mm_account_1400","True","1440","Interests Receivable","asset_current","False","account.account_tag_investing","False","ရရန်ရှိသော အတိုးငွေ"
"l10n_mm_account_1450","l10n_mm_account_1400","True","1450","Dividends Receivable","asset_current","False","account.account_tag_investing","False","ရရန်ရှိသော အမြတ်ဝေစုငွေ"
"l10n_mm_account_1460","l10n_mm_account_1400","True","1460","Advances to Related Parties","asset_current","False","account.account_tag_investing","False","ဆက်စပ်အဖွဲ့အစည်းများထံ ကြိုတင်ထုတ်ပေးငွေ"
"l10n_mm_account_1470","l10n_mm_account_1400","True","1470","Advances to Officers and Employees Receivables","asset_current","False","account.account_tag_operating","False","အရာရှိများနှင့် ဝန်ထမ်းများထံ ကြိုတင်ထုတ်ပေးငွေ"
"l10n_mm_account_1500","","False","1500","Prepayments  & Other Current Assets","asset_current","False","","False","ကြိုတင်ပေးငွေများနှင့် အခြားလက်ရှိရပိုင်ခွင့်များ"
"l10n_mm_account_1505","l10n_mm_account_1500","True","1505","Prepaid Rent","asset_prepayments","False","account.account_tag_operating","False","ကြိုတင်ပေး အိမ်ငှားခ"
"l10n_mm_account_1510","l10n_mm_account_1500","True","1510","Prepaid Insurance","asset_prepayments","False","account.account_tag_operating","False","ကြိုတင်ပေး အာမခံကြေး"
"l10n_mm_account_1520","l10n_mm_account_1500","True","1520","Prepaid Expense - Others","asset_prepayments","False","account.account_tag_operating","False","ကြိုတင်ပေး အသုံးစရိတ်များ (အခြား)"
"l10n_mm_account_1530","l10n_mm_account_1500","True","1530","Advances to Suppliers/Contractors","asset_prepayments","False","account.account_tag_operating","False","ပစ္စည်းရောင်းချသူများ/ကန်ထရိုက်တာများထံ ကြိုတင်ပေးငွေ"
"l10n_mm_account_1540","l10n_mm_account_1500","True","1540","Deposits","asset_prepayments","False","account.account_tag_investing","False","အာမခံစက်ကြေး / စကားစပ်ငွေ"
"l10n_mm_account_1550","l10n_mm_account_1500","True","1550","Other Current Assets","asset_current","False","account.account_tag_operating","False","အခြား လက်ရှိပိုင်ဆိုင်မှုများ"
"l10n_mm_account_1600","","False","1600","Property, Plant and Equipment","asset_fixed","False","","False","မြေ၊ အဆောက်အအုံနှင့် စက်ကိရိယာများ"
"l10n_mm_account_1605","l10n_mm_account_1600","True","1605","Building and Other Structures","asset_fixed","False","account.account_tag_investing","False","အဆောက်အအုံနှင့် အခြားဖွဲ့စည်းတည်ဆောက်မှုများ"
"l10n_mm_account_1610","l10n_mm_account_1600","True","1610","Accumulated Depreciation - Building and Other Structures","asset_fixed","False","account.account_tag_investing","False","စုစည်းတန်ဖိုးလျော့ - အဆောက်အအုံနှင့် အခြားဖွဲ့စည်းတည်ဆောက်မှုများ"
"l10n_mm_account_1615","l10n_mm_account_1600","True","1615","Machinery and Equipment","asset_fixed","False","account.account_tag_investing","False","စက်ပစ္စည်းနှင့် ကိရိယာများ"
"l10n_mm_account_1620","l10n_mm_account_1600","True","1620","Accumulated Depreciation - Machinery and Equipment","asset_fixed","False","account.account_tag_investing","False","စုစည်းတန်ဖိုးလျော့ - စက်ပစ္စည်းနှင့် ကိရိယာများ"
"l10n_mm_account_1625","l10n_mm_account_1600","True","1625","Furniture, Fixtures and Books","asset_fixed","False","account.account_tag_investing","False","ပရိဘောဂ၊ တပ်ဆင်ပစ္စည်းများနှင့် စာအုပ်များ"
"l10n_mm_account_1630","l10n_mm_account_1600","True","1630","Accumulated Depreciation - Furniture, Fixtures and Books","asset_fixed","False","account.account_tag_investing","False","စုစည်းတန်ဖိုးလျော့ - ပရိဘောဂ၊ တပ်ဆင်ပစ္စည်းများနှင့် စာအုပ်များ"
"l10n_mm_account_1635","l10n_mm_account_1600","True","1635","Leasehold Improvements","asset_fixed","False","account.account_tag_investing","False","ငှားရမ်းထားသော ပိုင်ဆိုင်မှု မွမ်းမံမှုများ"
"l10n_mm_account_1640","l10n_mm_account_1600","True","1640","Accumulated Depreciation - Leasehold Improvements","asset_fixed","False","account.account_tag_investing","False","စုစည်းတန်ဖိုးလျော့ - ငှားရမ်းထားသော ပိုင်ဆိုင်မှု မွမ်းမံမှုများ"
"l10n_mm_account_1655","l10n_mm_account_1600","True","1655","Vehicles","asset_fixed","False","account.account_tag_investing","False","မော်တော်ယာဉ်များ"
"l10n_mm_account_1660","l10n_mm_account_1600","True","1660","Accumulated Depreciation - Vehicles","asset_fixed","False","account.account_tag_investing","False","စုစည်းတန်ဖိုးလျော့ - မော်တော်ယာဉ်များ"
"l10n_mm_account_1665","l10n_mm_account_1600","True","1665","Land","asset_fixed","False","account.account_tag_investing","False","မြေနေရာ"
"l10n_mm_account_1670","l10n_mm_account_1600","True","1670","Other Property, Plant and Equipment","asset_fixed","False","account.account_tag_investing","False","အခြား ပိုင်ဆိုင်မှု၊ စက်ရုံနှင့် ကိရိယာများ"
"l10n_mm_account_1675","l10n_mm_account_1600","True","1675","Accumulated Depreciation - Other Property, Plant and Equipment","asset_fixed","False","account.account_tag_investing","False","စုစည်းတန်ဖိုးလျော့ - အခြား ပိုင်ဆိုင်မှု၊ စက်ရုံနှင့် ကိရိယာများ"
"l10n_mm_account_1700","","False","1700","Intangible Assets","asset_fixed","False","","False","ဒရုပ်မဲ့ ရပိုင်ခွင့်များ"
"l10n_mm_account_1705","l10n_mm_account_1700","True","1705","Computer Software","asset_fixed","False","account.account_tag_investing","False","ကွန်ပျူတာဆော့ဖ်ဝဲလ်"
"l10n_mm_account_1710","l10n_mm_account_1700","True","1710","Accumulated Depreciation - Computer Software","asset_fixed","False","account.account_tag_investing","False","စုစည်းတန်ဖိုးလျော့ - ကွန်ပျူတာဆော့ဖ်ဝဲလ်"
"l10n_mm_account_1800","","False","1800","Other Non-Current Assets","asset_non_current","False","","False","အခြား လက်ရှိမဟုတ်သော ရပိုင်ခွင့်များ"
"l10n_mm_account_1810","l10n_mm_account_1800","True","1810","Deferred Tax Asset","asset_non_current","False","account.account_tag_investing","False","ဆိုင်းငံ့ ဝင်ငွေခွန် ပိုင်ဆိုင်မှု"
"l10n_mm_account_1900","l10n_mm_account_1800","True","1900","Other Non-Current Assets","asset_non_current","False","account.account_tag_investing","False","အခြား လက်ရှိမဟုတ်သော ပိုင်ဆိုင်မှုများ"
"l10n_mm_account_2000","","False","2000","Trade Payables & Other Payables","liability_payable","","","False","ပေးရန်ရှိသော ကုန်သွယ်မှုနှင့် အခြားပေးရန်ရှိစာရင်းများ"
"l10n_mm_account_2005","l10n_mm_account_2000","True","2005","Accounts Payable - Trade","liability_payable","True","account.account_tag_operating","False","ပေးရန်ရှိသော ကုန်သွယ်မှုစာရင်းများ"
"l10n_mm_account_2010","l10n_mm_account_2000","True","2010","Accounts Payable - Other Trade and Non-Trade","liability_payable","True","account.account_tag_operating","False","ပေးရန်ရှိစာရင်းများ - အခြားကုန်သွယ်မှုနှင့် ကုန်သွယ်မှုမဟုတ်သော"
"l10n_mm_account_2020","l10n_mm_account_2000","True","2020","Output Commercial Tax Payable","liability_payable","True","account.account_tag_operating","True","ကုန်သွယ်လုပ်ငန်းခွန် (အရောင်း) ပေးရန်ရှိ"
"l10n_mm_account_2025","l10n_mm_account_2000","True","2025","Withholding Tax Payable","liability_payable","True","account.account_tag_operating","True","ပင်ရင်းမှနုတ်ယူခွန် (WHT) ပေးရန်ရှိ"
"l10n_mm_account_2100","l10n_mm_account_2000","True","2100","Dividends Payable - Common Shares","liability_current","False","account.account_tag_financing","False","ပေးရန်ရှိသော အမြတ်ဝေစု - သာမန်ရှယ်ယာများ"
"l10n_mm_account_2110","l10n_mm_account_2000","True","2110","Unearned Revenue","liability_current","False","account.account_tag_operating","False","မရရှိသေးသော ဝင်ငွေ (ကြိုတင်ရ ဝင်ငွေ)"
"l10n_mm_account_2120","l10n_mm_account_2000","True","2120","Due to Officers and Employees","liability_current","False","account.account_tag_financing","False","အရာရှိများနှင့် ဝန်ထမ်းများသို့ ပေးရန်ရှိငွေ"
"l10n_mm_account_2130","l10n_mm_account_2000","True","2130","Notes Payable","liability_current","False","account.account_tag_financing","False","ပေးရန်ရှိသော ကတိဝန်ခံလွှာများ"
"l10n_mm_account_2140","l10n_mm_account_2000","True","2140","Interest Payable","liability_current","False","account.account_tag_financing","False","ပေးရန်ရှိသော အတိုးငွေ"
"l10n_mm_account_2150","l10n_mm_account_2000","True","2150","Customers Deposits Received","liability_current","False","account.account_tag_operating","False","ဝယ်ယူသူများထံမှ လက်ခံရရှိသော အာမခံစက်ကြေး"
"l10n_mm_account_2200","","False","2200","Other Current Liabilities","liability_current","False","","False","အခြား လက်ရှိပေးရန်တာဝန်များ"
"l10n_mm_account_2210","l10n_mm_account_2200","True","2210","Output Commercial Tax","liability_current","False","account.account_tag_operating","False","ကုန်သွယ်လုပ်ငန်းခွန် (အရောင်း)"
"l10n_mm_account_2220","l10n_mm_account_2200","True","2220","Income Tax Payable","liability_current","False","account.account_tag_operating","False","ပေးရန်ရှိ ဝင်ငွေခွန်"
"l10n_mm_account_2230","l10n_mm_account_2200","True","2230","Other Current Liabilities","liability_current","False","account.account_tag_operating","False","အခြား လက်ရှိပေးရန်တာဝန်များ"
"l10n_mm_account_2300","","False","2300","Other Non-Current Liabilities","liability_non_current","False","","False","အခြား လက်ရှိမဟုတ်သော ပေးရန်တာဝန်များ"
"l10n_mm_account_2310","l10n_mm_account_2300","True","2310","Other Non-Current Liabilities","liability_non_current","False","account.account_tag_financing","False","အခြား လက်ရှိမဟုတ်သော ပေးရန်တာဝန်များ"
"l10n_mm_account_3000","","False","3000","Equity","equity","False","","False","ပိုင်ရှင်အကျိုးအမြတ်"
"l10n_mm_account_3005","l10n_mm_account_3000","True","3005","Common Capital Stock","equity","False","account.account_tag_financing","False","သာမန်ရှယ်ယာ မတည်ငွေ"
"l10n_mm_account_3010","l10n_mm_account_3000","True","3010","Preferred Capital Stock","equity","False","account.account_tag_financing","False","ဦးစားပေးရှယ်ယာ မတည်ငွေ"
"l10n_mm_account_3020","l10n_mm_account_3000","True","3020","Additional Paid In Capital (APIC)","equity","False","account.account_tag_financing","False","အပိုထပ်ဆောင်း ထည့်ဝင်မတည်ငွေ"
"l10n_mm_account_3030","l10n_mm_account_3000","True","3030","Retained Earnings - Unappropriated","equity","False","account.account_tag_financing","False","ထိန်းသိမ်းထားသော အမြတ်ငွေ - ခွဲဝေထားခြင်းမရှိသေးသော"
"l10n_mm_account_3040","l10n_mm_account_3000","True","3040","Retained Earnings - Appropriated","equity","False","account.account_tag_financing","False","ထိန်းသိမ်းထားသော အမြတ်ငွေ - သီးသန့်ခွဲဝေထားသော"
"l10n_mm_account_3050","l10n_mm_account_3000","True","3050","Treasury Stock","equity","False","account.account_tag_financing","False","ပြန်လည်ဝယ်ယူထားသော ရှယ်ယာများ"
"l10n_mm_account_3060","l10n_mm_account_3000","True","3060","Dividends Declared","equity","False","account.account_tag_financing","False","ကြေညာထားသော အမြတ်ဝေစုများ"
"l10n_mm_account_3100","l10n_mm_account_3000","True","3100","Undistributed Profits/Losses","equity_unaffected","False","account.account_tag_financing","False","မခွဲဝေရသေးသော အမြတ်/အရှုံးများ"
"l10n_mm_account_4000","","False","4000","Revenue & Cost of Sales","income","False","","False","ဝင်ငွေနှင့် အရောင်းစရိတ်"
"l10n_mm_account_4005","l10n_mm_account_4000","True","4005","Sales/Revenues","income","False","account.account_tag_operating","False","အရောင်း / ဝင်ငွေများ"
"l10n_mm_account_4010","l10n_mm_account_4000","True","4010","Sales Discounts","income","False","account.account_tag_operating","False","အရောင်း အထူးလျှော့ဈေးများ"
"l10n_mm_account_4020","l10n_mm_account_4000","True","4020","Sales Returns and Allowances","income","False","account.account_tag_operating","False","အရောင်း ပြန်အပ်ငွေနှင့် လျှော့ပေးငွေများ"
"l10n_mm_account_5000","l10n_mm_account_4000","True","5000","Cost of Sales / Cost of Goods Sold","expense_direct_cost","False","account.account_tag_operating","False","ရောင်းရသောကုန်ပစ္စည်း စရိတ် / အရောင်းစရိတ်"
"l10n_mm_account_5100","l10n_mm_account_4000","True","5100","Inventory/Stock Variation","asset_current","False","account.account_tag_operating","False","ကုန်ပစ္စည်းလက်ကျန် ပြောင်းလဲမှု"
"l10n_mm_account_5105","l10n_mm_account_4000","True","5105","Overhead Absorption","expense_direct_cost","False","account.account_tag_operating","False","အထွေထွေစရိတ် ခွဲဝေစုပ်ယူမှု"
"l10n_mm_account_6000","","False","6000","Operating Expenses","expense","False","","False","လုပ်ငန်းလည်ပတ်မှု အသုံးစရိတ်များ"
"l10n_mm_account_6005","l10n_mm_account_6000","True","6005","Administrative Expenses","expense","False","account.account_tag_operating","False","စီမံခန့်ခွဲမှု အသုံးစရိတ်များ"
"l10n_mm_account_6010","l10n_mm_account_6000","True","6010","Rent/Lease Expenses","expense","False","account.account_tag_operating","False","အိမ်ငှားခ / ငှားရမ်းခ အသုံးစရိတ်များ"
"l10n_mm_account_6015","l10n_mm_account_6000","True","6015","Utilities Expenses","expense","False","account.account_tag_operating","False","ရေ၊ မီးနှင့် အသုံးဆောင်စရိတ်များ"
"l10n_mm_account_6020","l10n_mm_account_6000","True","6020","Communication and Information Expenses","expense","False","account.account_tag_operating","False","ဆက်သွယ်ရေးနှင့် နည်းပညာ အသုံးစရိတ်များ"
"l10n_mm_account_6025","l10n_mm_account_6000","True","6025","Professional Fees","expense","False","account.account_tag_operating","False","ကျွမ်းကျင်ပညာရှင် အကြံပေးကြေးများ"
"l10n_mm_account_6030","l10n_mm_account_6000","True","6030","Taxes and Licenses","expense","False","account.account_tag_operating","False","အခွန်နှင့် လိုင်စင်ကြေးများ"
"l10n_mm_account_6035","l10n_mm_account_6000","True","6035","Insurance Expense","expense","False","account.account_tag_operating","False","အာမခံ အသုံးစရိတ်"
"l10n_mm_account_6040","l10n_mm_account_6000","True","6040","Repairs and Maintenance","expense","False","account.account_tag_operating","False","ပြင်ဆင်စရိတ်နှင့် ထိန်းသိမ်းစရိတ်"
"l10n_mm_account_6045","l10n_mm_account_6000","True","6045","Security and Janitorial Services","expense","False","account.account_tag_operating","False","လုံခြုံရေးနှင့် သန့်ရှင်းရေး ဝန်ဆောင်မှုစရိတ်များ"
"l10n_mm_account_6050","l10n_mm_account_6000","True","6050","Supplies and Consumables","expense","False","account.account_tag_operating","False","ရုံးသုံးပစ္စည်းများနှင့် ကုန်လွယ်ပစ္စည်းများ"
"l10n_mm_account_6055","l10n_mm_account_6000","True","6055","Advertising & Marketing Expenses","expense","False","account.account_tag_operating","False","ကြော်ငြာနှင့် ဈေးကွက်မြှင့်တင်ရေး အသုံးစရိတ်များ"
"l10n_mm_account_6060","l10n_mm_account_6000","True","6060","Travel and Transportation","expense","False","account.account_tag_operating","False","ခရီးစရိတ်နှင့် သယ်ယူပို့ဆောင်ရေး စရိတ်များ"
"l10n_mm_account_6065","l10n_mm_account_6000","True","6065","Representation and Entertainment","expense","False","account.account_tag_operating","False","ဧည့်ခံပြုစုရေး အသုံးစရိတ်များ"
"l10n_mm_account_6070","l10n_mm_account_6000","True","6070","Commission Expense","expense","False","account.account_tag_operating","False","ကော်မရှင် အသုံးစရိတ်"
"l10n_mm_account_6075","l10n_mm_account_6000","True","6075","Freight-out / Delivery Expenses","expense","False","account.account_tag_operating","False","ပစ္စည်းပို့ဆောင်ခ / အရောင်းသယ်ယူစရိတ်များ"
"l10n_mm_account_6080","l10n_mm_account_6000","True","6080","Bank Fees and Charges","expense","False","account.account_tag_operating","False","ဘဏ်ဝန်ဆောင်ခနှင့် စရိတ်များ"
"l10n_mm_account_6085","l10n_mm_account_6000","True","6085","Donations and Contributions","expense","False","account.account_tag_operating","False","လှူဒါန်းငွေနှင့် ထောက်ပံ့ငွေများ"
"l10n_mm_account_6090","l10n_mm_account_6000","True","6090","Research and Development Expenses","expense","False","account.account_tag_operating","False","သုတေသနနှင့် ဖွံ့ဖြိုးရေး အသုံးစရိတ်များ"
"l10n_mm_account_6095","l10n_mm_account_6000","True","6095","Miscellaneous Expenses","expense","False","account.account_tag_operating","False","အထွေထွေ အသုံးစရိတ်များ"
"l10n_mm_account_6100","","False","6100","Depreciation & Amortization","expense_depreciation","False","","False","တန်ဖိုးလျော့ အသုံးစရိတ်များ"
"l10n_mm_account_6105","l10n_mm_account_6100","True","6105","Depreciation - Buildings & Other Structures","expense_depreciation","False","account.account_tag_operating","False","တန်ဖိုးလျော့ - အဆောက်အအုံနှင့် အခြားဖွဲ့စည်းတည်ဆောက်မှုများ"
"l10n_mm_account_6110","l10n_mm_account_6100","True","6110","Depreciation - Machinery and Equipment","expense_depreciation","False","account.account_tag_operating","False","တန်ဖိုးလျော့ - စက်ပစ္စည်းနှင့် ကိရိယာများ"
"l10n_mm_account_6115","l10n_mm_account_6100","True","6115","Depreciation - Furniture, Fixtures and Books","expense_depreciation","False","account.account_tag_operating","False","တန်ဖိုးလျော့ - ပရိဘောဂ၊ တပ်ဆင်ပစ္စည်းများနှင့် စာအုပ်များ"
"l10n_mm_account_6120","l10n_mm_account_6100","True","6120","Depreciation - Leasehold Improvements","expense_depreciation","False","account.account_tag_operating","False","တန်ဖိုးလျော့ - ငှားရမ်းထားသော ပိုင်ဆိုင်မှု မွမ်းမံမှုများ"
"l10n_mm_account_6125","l10n_mm_account_6100","True","6125","Depreciation - Computer Software","expense_depreciation","False","account.account_tag_operating","False","တန်ဖိုးလျော့/အမောတိုဇေးရှင်း - ကွန်ပျူတာဆော့ဖ်ဝဲလ်"
"l10n_mm_account_6130","l10n_mm_account_6100","True","6130","Depreciation - Vehicles","expense_depreciation","False","account.account_tag_operating","False","တန်ဖိုးလျော့ - မော်တော်ယာဉ်များ"
"l10n_mm_account_6135","l10n_mm_account_6100","True","6135","Depreciation - Other Property, Plant and Equipment","expense_depreciation","False","account.account_tag_operating","False","တန်ဖိုးလျော့ - အခြား ပိုင်ဆိုင်မှု၊ စက်ရုံနှင့် ကိရိယာများ"
"l10n_mm_account_6140","l10n_mm_account_6100","True","6140","Amortization - Intangible Assets","expense_depreciation","False","account.account_tag_operating","False","အမောတိုဇေးရှင်း - ဒြပ်မဲ့ပိုင်ဆိုင်မှုများ"
"l10n_mm_account_7000","","False","7000","Other Income, Losses & Taxes","income_other","False","","False","အခြား ဝင်ငွေ၊ အရှုံးနှင့် အခွန်များ"
"l10n_mm_account_7005","l10n_mm_account_7000","True","7005","Interest Income","income_other","False","account.account_tag_investing","False","အတိုး ဝင်ငွေ"
"l10n_mm_account_7010","l10n_mm_account_7000","True","7010","Dividend Income","income_other","False","account.account_tag_investing","False","အမြတ်ဝေစု ဝင်ငွေ"
"l10n_mm_account_7020","l10n_mm_account_7000","True","7020","Gain on Sale of Assets","income_other","False","account.account_tag_investing","False","ပိုင်ဆိုင်မှု ရောင်းချခြင်းမှ အမြတ်"
"l10n_mm_account_7025","l10n_mm_account_7000","True","7025","Gain on Foreign Exchange (FOREX)","income_other","False","account.account_tag_operating","False","နိုင်ငံခြားငွေ လဲလှယ်မှုမှ အမြတ်"
"l10n_mm_account_7030","l10n_mm_account_7000","True","7030","Gain on Cash Difference","income_other","False","account.account_tag_operating","False","ငွေသား ကွာခြားချက်မှ အမြတ်"
"l10n_mm_account_7035","l10n_mm_account_7000","True","7035","Gain on Cash Discounts","income_other","False","account.account_tag_operating","False","ငွေသား လျှော့ဈေး ရရှိမှုမှ အမြတ်"
"l10n_mm_account_7050","l10n_mm_account_7000","True","7050","Other Miscellaneous Income","income_other","False","account.account_tag_operating","False","အခြား အထွေထွေ ဝင်ငွေ"
"l10n_mm_account_8000","l10n_mm_account_7000","True","8000","Loss on Foreign Exchange (FOREX)","expense","False","account.account_tag_operating","False","နိုင်ငံခြားငွေ လဲလှယ်မှုမှ အရှုံး"
"l10n_mm_account_8005","l10n_mm_account_7000","True","8005","Loss on Sale of Assets","expense","False","account.account_tag_investing","False","ပိုင်ဆိုင်မှု ရောင်းချခြင်းမှ အရှုံး"
"l10n_mm_account_8010","l10n_mm_account_7000","True","8010","Loss on Cash Difference","expense","False","account.account_tag_operating","False","ငွေသား ကွာခြားချက်မှ အရှုံး"
"l10n_mm_account_8015","l10n_mm_account_7000","True","8015","Loss on Cash Discounts","expense","False","account.account_tag_operating","False","ငွေသား လျှော့ဈေး ပေးရမှုမှ အရှုံး"
"l10n_mm_account_8020","l10n_mm_account_7000","True","8020","Impairment Loss on Assets","expense","False","account.account_tag_operating","False","ပိုင်ဆိုင်မှု တန်ဖိုးယိုယွင်း အရှုံး"
"l10n_mm_account_8030","l10n_mm_account_7000","True","8030","Other Losses","expense","False","account.account_tag_operating","False","အခြား အရှုံးများ"
"l10n_mm_account_9000","l10n_mm_account_7000","True","9000","Provision for Income Tax","expense","False","account.account_tag_operating","False","ဝင်ငွေခွန်အတွက် ကြိုတင်ပြင်ဆင်မှု"
"l10n_mm_account_9010","l10n_mm_account_7000","True","9010","Deferred Tax Expense","expense","False","account.account_tag_operating","False","ဆိုင်းငံ့ ဝင်ငွေခွန် အသုံးစရိတ်"
