"id","name","code","account_type","reconcile","non_trade","name@ar","description","description@ar","tax_ids","depreciation_model_id","parent_id","active"
"sa_account_100000","Intangible Assets","100000","asset_fixed","False","","","","","","","","False"
"sa_account_106010","Registration of Trademarks","100100","asset_current","False","","تسجيل العلامات التجارية","","","","","sa_account_100000",""
"sa_account_100109","Computer Software","100200","asset_fixed","False","","أجهزة وبرامج الكمبيوتر","Technological products or services bought for your business","المنتجات أو الخدمات التكنولوجية التي تم شراؤها لشركتك","","asset_3_year_linear","sa_account_100000",""
"sa_account_110000","Property, Plant & Equipment (PP&E)","110000","asset_fixed","False","","","","","","","","False"
"sa_account_100104","Land","110100","asset_fixed","False","","أرض","Purchases of lands without buildings","شراء الأراضي بدون مباني","","","sa_account_110000",""
"sa_account_100105","Construction","110200","asset_fixed","False","","بناء","Construction of buildings and costs associated to buildings","تشييد المباني والتكاليف المرتبطة بها","","asset_30_year_linear","sa_account_110000",""
"sa_account_100106","Installations","110300","asset_fixed","False","","المنشآت","Purchases of installations related to buildings, like solar panels or heater","مشتريات التركيبات المتعلقة بالمباني، مثل الألواح الشمسية أو السخانات","","asset_10_year_linear","sa_account_110000",""
"sa_account_100107","Machines & tools","110400","asset_fixed","False","","الآلات والأدوات","Machinery and tools directly related to your business","الآلات والأدوات المرتبطة مباشرة بعملك","","asset_5_year_linear","sa_account_110000",""
"sa_account_100111","Vehicle accessories","110500","asset_fixed","False","","ملحقات المركبات","All accessories purchases related to your professional vehicle","جميع مشتريات الملحقات المتعلقة بمركبتك المهنية","","asset_3_year_linear","sa_account_110000",""
"sa_account_100113","Leasehold Improvement","110600","asset_fixed","False","","تحسينات الإيجار","","","","","sa_account_110000",""
"sa_account_100119","Amortisation on Leasehold Improvement","110700","asset_fixed","False","","الاستهلاك على تحسينات الإيجار","","","","","sa_account_110000",""
"sa_account_100108","Furniture and Equipment","110800","asset_fixed","False","","الأثاث والمعدات","Large expenses related to workplaces","النفقات الكبيرة المتعلقة بأماكن العمل","","asset_5_year_linear","sa_account_110000",""
"sa_account_110900","Accumulated Depreciation of Furniture & Office Equipment","110900","asset_fixed","False","","","","","","","sa_account_110000",""
"sa_account_111000","Computer Hardware","111000","asset_fixed","False","","","","","","","sa_account_110000",""
"sa_account_111100","Accumulated Depreciation - Computer Hardware","111100","asset_fixed","False","","","","","","","sa_account_110000",""
"sa_account_100110","Motor Vehicles","111200","asset_fixed","False","","المركبات الآلية","Purchase of a car, including second hand or after-lease contract","شراء سيارة، بما في ذلك عقد الإيجار المستعمل أو ما بعد الإيجار","","asset_5_year_linear","sa_account_110000",""
"sa_account_111300","Accumulated Depreciation of Motor Vehicles","111300","asset_fixed","False","","","","","","","sa_account_110000",""
"sa_account_100101","Right of use Asset (IFRS 16)","111400","asset_fixed","False","","حق استخدام الأصول (IFRS 16)","","","","","sa_account_110000",""
"sa_account_100102","Accumulated Depreciation on Right of use asset (IFRS 16)","111500","asset_fixed","False","","الاستهلاك المتراكم استخدام حق الأصول (IFRS 16)","","","","","sa_account_110000",""
"sa_account_100112","Other property","111600","asset_fixed","False","","ممتلكات أخرى","Other type of property, like plants, machinery or various equipment","نوع آخر من الممتلكات، مثل النباتات أو الآلات أو المعدات المختلفة","","asset_5_year_linear","sa_account_110000",""
"sa_account_120000","Inventories","120000","asset_current","False","","","","","","","","False"
"sa_account_131100","Inventory - Raw Materials","120100","asset_current","False","","مخزون المواد الخام","","","","","sa_account_120000",""
"sa_account_120200","Inventory - Work in Progress","120200","asset_current","False","","","","","","","sa_account_120000",""
"sa_account_120300","Goods in Transit","120300","asset_current","False","","","","","","","sa_account_120000",""
"sa_account_103016","Shipment Insurance","120301","asset_current","False","","تأمين الشحنات","","","","","sa_account_120000",""
"sa_account_103017","Shipment Documentation Charges","120302","asset_current","False","","رسوم توثيق الشحنات","","","","","sa_account_120000",""
"sa_account_103018","Shipment Other Charges","120303","asset_current","False","","رسوم الشحن الأخرى","","","","","sa_account_120000",""
"sa_account_103020","Items Delivered to Customs","120304","asset_current","False","","العناصر التي تم تسليمها إلى الجمارك على قاعدة مؤقتة","","","","","sa_account_120000",""
"sa_account_103019","Handling Difference in Inventory","120400","asset_current","False","","التعامل مع الفرق في المخزون","","","","","sa_account_120000",""
"sa_account_130000","Prepayments","130000","asset_prepayments","False","","","","","","","","False"
"sa_account_130100","Prepaid Insurance","130100","asset_prepayments","False","","","","","","","sa_account_130000",""
"sa_account_104021","Prepaid Medical Insurance","130101","asset_prepayments","False","","التأمين الطبي المدفوع مسبقًا","","","","","sa_account_130000",""
"sa_account_104022","Prepaid Life Insurance","130102","asset_prepayments","False","","تأمين الحياة المدفوع مسبقًا","","","","","sa_account_130000",""
"sa_account_104024","Prepaid Other Insurance","130103","asset_prepayments","False","","تأمينات أخرى مدفوعة مسبقًا","","","","","sa_account_130000",""
"sa_account_130104","Prepaid Shipping Insurance","130104","asset_prepayments","False","","","","","","","sa_account_130000",""
"sa_account_104023","Prepaid Office Rent","130200","asset_prepayments","False","","إيجار مكتب مدفوع مسبقًا","","","","","sa_account_130000",""
"sa_account_104025","Prepaid License Fees","130300","asset_prepayments","False","","رسوم الترخيص المدفوعة مسبقًا","","","","","sa_account_130000",""
"sa_account_104026","Prepaid Maintenance","130400","asset_prepayments","False","","الصيانة المدفوعة مسبقًا","","","","","sa_account_130000",""
"sa_account_104027","Prepaid Site Hosting Fees","130500","asset_prepayments","False","","رسوم استضافة الموقع المدفوعة مسبقًا","","","","","sa_account_130000",""
"sa_account_104028","Prepaid Employees Housing","130600","asset_prepayments","False","","سكن الموظفين المدفوع مسبقًا","","","","","sa_account_130000",""
"sa_account_104029","Prepaid Schooling Fees","130700","asset_prepayments","False","","رسوم دراسية مدفوعة مسبقًا","","","","","sa_account_130000",""
"sa_account_104030","Prepaid Consultancy Fees","130800","asset_prepayments","False","","رسوم الاستشارة المدفوعة مسبقًا","","","","","sa_account_130000",""
"sa_account_104031","Prepaid Legal Fees","130900","asset_prepayments","False","","الرسوم القانونية المدفوعة مسبقًا","","","","","sa_account_130000",""
"sa_account_104032","Prepaid Sponsorship Fees","131000","asset_prepayments","False","","رسوم الرعاية المدفوعة مسبقًا","","","","","sa_account_130000",""
"sa_account_104033","Prepaid Advertisement Expenses","131100","asset_prepayments","False","","مصاريف الإعلان المدفوعة مسبقًا","","","","","sa_account_130000",""
"sa_account_104034","Prepaid Bank Guarantee","131200","asset_prepayments","False","","ضمان بنكي مدفوع مسبقًا","","","","","sa_account_130000",""
"sa_account_104035","Other Prepayments","131300","asset_prepayments","False","","مدفوعات مسبقة أخرى","","","","","sa_account_130000",""
"sa_account_104036","Prepaid Finance charge for Loans","131400","asset_prepayments","False","","رسوم التمويل المدفوعة مسبقًا للقروض","","","","","sa_account_130000",""
"sa_account_104020","Prepaid Expenses","131500","asset_prepayments","False","","مصروف مدفوع مسبقًا","","","","","sa_account_130000",""
"sa_account_140000","Short-Term Deposits","140000","asset_current","False","","","","","","","","False"
"sa_account_104037","Deposit - Office Rent","140100","asset_current","False","","وديعة - إيجار مكتب","","","","","sa_account_140000",""
"sa_account_104038","Deposits - Customs","140200","asset_current","False","","الودائع - الجمارك","","","","","sa_account_140000",""
"sa_account_104039","Deposit to Immigration (Visa)","140300","asset_current","False","","إيداع في دائرة الهجرة (فيزا)","","","","","sa_account_140000",""
"sa_account_104040","Deposit Others","140400","asset_current","False","","إيداع الآخرين","","","","","sa_account_140000",""
"sa_account_150000","Receivables","150000","asset_receivable","True","","","","","","","","False"
"sa_account_102011","Accounts Receivable","150100","asset_receivable","True","","الحسابات المستحقة","","","","","sa_account_150000",""
"sa_account_102012","Accounts Receivable (PoS)","150200","asset_receivable","True","","حسابات القبض (PoS)","","","","","sa_account_150000",""
"sa_account_102013","Post Dated Cheques Received","150300","asset_current","False","","تم استلام الشيكات المؤرخة لاحقًا","","","","","sa_account_150000",""
"sa_account_102014","Other Receivable","150400","asset_current","False","","مستحقات أخرى","","","","","sa_account_150000",""
"account_journal_payment_debit_account_id","Outstanding Receipts","150800","asset_current","True","","","","","","","sa_account_150000",""
"account_journal_payment_credit_account_id","Outstanding Payments","150900","asset_current","True","","","","","","","sa_account_150000",""
"sa_account_100103","VAT Receivable","151000","asset_receivable","True","True","ضريبة القيمة المضافة المدينة","","","","","sa_account_150000",""
"sa_account_102010","Withholding Receivable","151010","asset_receivable","True","True","ضريبة مستقطعة المدينة","","","","","sa_account_150000",""
"sa_account_104041","VAT Input","151100","asset_current","False","","مدخلات ضريبة القيمة المضافة","","","","","sa_account_150000",""
"sa_account_104043","Recoverable VAT Input - Reverse Charge","151102","asset_current","False","","مدخلات ضريبة القيمة المضافة","","","","","sa_account_150000",""
"sa_account_102015","Other Debtors","151200","asset_current","False","","المدينون الآخرون","","","","","sa_account_150000",""
"sa_account_160000","Cash & Cash Equivalents","160000","asset_cash","True","","","","","","","","False"
"sa_account_160100","Main Bank Account","160100","asset_cash","True","","","","","","","sa_account_160000",""
"sa_account_160101","Cash at Bank - Main SAR Operating Account","160101","asset_cash","True","","","","","","","sa_account_160000",""
"sa_account_160102","Cash at Bank - Main Foreign Currency Account","160102","asset_cash","True","","","","","","","sa_account_160000",""
"sa_account_160103","Bank Suspense Account","160103","asset_current","False","","","","","","","sa_account_160000",""
"sa_account_160200","Main Credit Card","160200","liability_credit_card","False","","","","","","","sa_account_160000",""
"sa_account_201032","Payment Gateway Credit Card","160300","liability_credit_card","False","","بطاقات الائتمان Gateway","","","","","sa_account_160000",""
"sa_account_160400","Payment Provider Account / Digital Wallet","160400","liability_credit_card","False","","","","","","","sa_account_160000",""
"sa_account_201033","Manual Visa & Master Cards","160500","liability_credit_card","False","","فيزا وماستر بطاقات","","","","","sa_account_160000",""
"sa_account_160600","Stripe Issuing","160600","asset_cash","False","","","","","","","sa_account_160000",""
"sa_account_170101","Funds in Transit","170101","asset_current","True","","","","","","","",""
"sa_account_200000","Non-current Liabilities","200000","liability_non_current","False","","","","","","","","False"
"sa_account_200100","Long-term Loans and Debts","200100","liability_non_current","False","","","","","","","sa_account_200000",""
"sa_account_200101","Vehicle Loans","200101","liability_non_current","False","","","","","","","sa_account_200000",""
"sa_account_210000","Tax & Statutory Liabilities and Provisions","210000","liability_current","False","","","","","","","","False"
"sa_account_201004","Accrued - Salaries","210100","liability_current","False","","المستحقات - الرواتب","","","","","sa_account_210000",""
"sa_account_201007","Accrued - Commissions","210101","liability_current","False","","المستحقات - العمولات","","","","","sa_account_210000",""
"sa_account_201009","Accrued - Staff Bonus","210102","liability_current","False","","مكافأة الموظفين المستحقة","","","","","sa_account_210000",""
"sa_account_201008","Accrued Salaries Increment","210103","liability_current","False","","زيادة الرواتب المستحقة","","","","","sa_account_210000",""
"sa_account_201010","Accrued Other Personnel Cost","210104","liability_current","False","","تكاليف الموظفين الأخرى المستحقة","","","","","sa_account_210000",""
"sa_account_201015","Accrued - Office Rent","210200","liability_current","False","","المستحق - إيجار المكتب","","","","","sa_account_210000",""
"sa_account_201011","Accrued - Utilities","210300","liability_current","False","","المستحقات - المرافق","","","","","sa_account_210000",""
"sa_account_201014","Accrued - Audit and Professional Fees","210400","liability_current","False","","المستحقات - رسوم التدقيق","","","","","sa_account_210000",""
"sa_account_201012","Accrued - Telephone","210500","liability_current","False","","المستحقات - الهاتف","","","","","sa_account_210000",""
"sa_account_201013","Accrued - Sponsorship","210600","liability_current","False","","مستحقات - رعاية","","","","","sa_account_210000",""
"sa_account_201016","Accrued Others","210700","liability_current","False","","مستحقات أخرى","","","","","sa_account_210000",""
"sa_account_210800","Accrued Customs Duties","210800","liability_current","False","","","","","","","sa_account_210000",""
"sa_account_201020","Withholding Tax Payable","210810","liability_current","False","","ضريبة الاستقطاع المستحقة","","","","","sa_account_210000",""
"sa_account_201035","Outstanding Withholding","210820","liability_current","True","","ضريبة مستقطعة مستحقة","","","","","sa_account_210000",""
"sa_account_201030","Base Tax Received","210830","liability_current","False","","ضريبة القيمة المضافة المستحقة","","","","","sa_account_210000",""
"sa_account_201019","ZAKAT Provision","210900","liability_current","False","","أحكام الزكاة","","","","","sa_account_210000",""
"sa_account_201002","Payables","220000","liability_payable","True","","مستحقات الدفع","","","","","",""
"sa_account_201006","Leave Days Provision","220100","liability_current","False","","أحكام أيام الإجازة","","","","","sa_account_201002",""
"sa_account_201005","Leave Tickets Provision","220101","liability_current","False","","توفير تذاكر المغادرة","","","","","sa_account_201002",""
"sa_account_202001","End of Service Provision","220102","liability_non_current","False","","أحكام نهاية الخدمة","","","","","sa_account_201002",""
"sa_account_201022","GOSI Employee Payable","220103","liability_payable","True","","القيمة المستحقة للتأمينات الإجتماعية","","","","","sa_account_201002",""
"sa_account_201017","VAT Output","220200","liability_current","False","","مخرجات ضريبة القيمة المضافة","","","","","sa_account_201002",""
"sa_account_220201","VAT Output - Postponed Payment","220201","liability_current","False","","","","","","","sa_account_201002",""
"sa_account_201018","Deferred income","230000","liability_current","False","","الدخل المؤجل","","","","","",""
"sa_account_230101","Non-trade Payables","230101","liability_payable","True","","","","","","","sa_account_201018",""
"sa_account_201003","Credit Notes to Customers","230102","liability_current","False","","مذكرات الائتمان للعملاء","","","","","sa_account_201018",""
"sa_account_202003","VAT Payable","230200","liability_payable","True","True","ضريبة القيمة المضافة المستحقة","","","","","sa_account_201018",""
"sa_account_240000","Accrued Expenses","240000","liability_current","False","","","","","","","","False"
"sa_account_240200","Deferred Revenues - Other","240200","liability_current","False","","","","","","","sa_account_240000",""
"sa_account_400000","Cost of Goods Sold","400000","expense_direct_cost","False","","","","","","","","False"
"sa_account_400001","Cost of Goods Sold in Trading","400100","expense_direct_cost","False","","تكلفة البضائع المباعة في التداول","Expenses for purchasing goods held for resale in trading activities.","نفقات شراء البضائع المحتفظ بها لإعادة بيعها في الأنشطة التجارية.","","","sa_account_400000",""
"sa_account_400002","Cost Of Goods Sold I/C Sales","400200","expense_direct_cost","False","","تكلفة البضائع المباعة I/C المبيعات","Expenses for goods sold through intercompany transactions.","نفقات البضائع المباعة من خلال المعاملات بين الشركات.","","","sa_account_400000",""
"sa_account_400063","Raw materials","400400","expense","False","","مواد خام","All goods purchased as raw materials used by your activity","كافة السلع التي تم شراؤها كمواد خام المستخدمة في أنشطتك","","","sa_account_400000",""
"sa_account_400064","Consumables","400500","expense","False","","المواد الاستهلاكية","Consumables bought and used in the context of your activity","المواد الاستهلاكية التي تم شراؤها واستخدامها في سياق نشاطك","","","sa_account_400000",""
"sa_account_400065","Studies & works","400600","expense","False","","الدراسات والأعمال","Compensation and fees paid to other parties","التعويضات والرسوم المدفوعة لأطراف أخرى","","","sa_account_400000",""
"sa_account_400066","General subcontracting","400700","expense","False","","المقاولات العامة من الباطن","Compensation and fees with other partners that act as subcontractors or consultants for your activity","التعويضات والرسوم مع الشركاء الآخرين الذين يعملون كمتعاقدين من الباطن أو مستشارين لنشاطك","","","sa_account_400000",""
"sa_account_400070","Goods for resale","400800","expense","False","","بضائع لإعادة البيع","Goods you buy to resale later, as part of your activity","البضائع التي تشتريها لإعادة بيعها لاحقًا، كجزء من نشاطك","","","sa_account_400000",""
"sa_account_410000","Personnel Costs","410000","expense","False","","","","","","","","False"
"sa_account_400003","Basic Salary","410100","expense","False","","الراتب الأساسي","Fixed monthly compensation paid to employees as part of their employment contract","تعويض شهري ثابت يُدفع للموظفين كجزء من عقد عملهم","","","sa_account_410000",""
"sa_account_400004","Housing Allowance","410200","expense","False","","بدل السكن","Fixed monthly amount provided to employees to cover housing or rental expenses as part of their total compensation package.","مبلغ شهري ثابت يتم تقديمه للموظفين لتغطية نفقات السكن أو الإيجار كجزء من حزمة التعويضات الإجمالية الخاصة بهم.","","","sa_account_410000",""
"sa_account_400005","Transportation Allowance","410300","expense","False","","بدل النقل","Fixed monthly amount provided to employees to cover commuting expenses between their residence and workplace.","مبلغ شهري ثابت يتم تقديمه للموظفين لتغطية نفقات التنقل بين مكان إقامتهم ومكان عملهم.","","","sa_account_410000",""
"sa_account_400012","Staff Other Allowances","410400","expense","False","","بدلات أخرى للموظفين","Compensation costs for employees and manual workers employed by the company","تكاليف التعويض للموظفين والعمال اليدويين العاملين لدى الشركة","","","sa_account_410000",""
"sa_account_400011","Sales Commission","410500","expense","False","","عمولة المبيعات","Commission paid to employees based on achieved sales targets.","يتم دفع العمولة للموظفين على أساس أهداف المبيعات المحققة.","","","sa_account_410000",""
"sa_account_400091","Employee Other Benefits","410600","expense","False","","مصروفات الموظفين الأخرى","Expenses incurred on behalf of employees that are not part of regular compensation or allowances.","المصروفات التي يتم تكبدها نيابةً عن الموظفين والتي لا تُعد جزءًا من التعويضات أو البدلات العادية.","","","sa_account_410000",""
"sa_account_400007","Leave Salary","410700","expense","False","","راتب الإجازة","The salary paid to an employee during their approved leave period, such as annual or earned leave","الراتب المدفوع للموظف خلال فترة إجازته المعتمدة، مثل الإجازة السنوية أو المستحقة","","","sa_account_410000",""
"sa_account_400006","Leave Ticket","410800","expense","False","","تذكرة المغادرة","An allowance or reimbursement provided to employees to cover travel expenses for annual leave","بدل أو تعويض يُقدم للموظفين لتغطية نفقات السفر للإجازة السنوية","","","sa_account_410000",""
"sa_account_400061","Social Security","410900","expense","False","","الضمان الاجتماعي","All fees related to pension plans and social security contributions","جميع الرسوم المتعلقة بخطة مَعاش ومساهمات الضمان الاجتماعي.","","","sa_account_410000",""
"sa_account_400010","Life Insurance","411000","expense","False","","تأمين على الحياة","Cost of providing life insurance coverage to employees.","تكلفة توفير تغطية التأمين على الحياة للموظفين.","","","sa_account_410000",""
"sa_account_400009","Medical Insurance","411100","expense","False","","التأمين الطبي","Cost of providing health insurance to employees and their dependents.","تكلفة توفير التأمين الصحي للموظفين وأفراد أسرهم.","","","sa_account_410000",""
"sa_account_411200","Hiring & Mobilization","411200","expense","False","","","","","","","sa_account_410000",""
"sa_account_400014","Visa Expenses","411300","expense","False","","نفقات التأشيرة","Costs related to employee visa processing and renewals","التكاليف المتعلقة بمعالجة تأشيرات الموظفين وتجديدها","","","sa_account_410000",""
"sa_account_400030","Sponsorship Fees","411400","expense","False","","رسوم الرعاية","Costs related to sponsoring events, organizations, or individuals for promotional purposes.","التكاليف المتعلقة برعاية الأحداث أو المنظمات أو الأفراد لأغراض ترويجية.","","","sa_account_410000",""
"sa_account_400013","Uniform","411500","expense","False","","زي مُوحد","Cost of uniforms provided to employees for work purposes.","نفقات زي الموظفين والملابس ذات الصلة.","","","sa_account_410000",""
"sa_account_400041","Staff Development & Training","411600","expense","False","","تمرين","Training fees not including food and drinks","رسوم التدريب لا تشمل الطعام والمشروبات","","","sa_account_410000",""
"sa_account_400015","Personnel Cost Others","411700","expense","False","","تكاليف الموظفين الآخرين","Company's personel costs excluding compensations, contributions and vouchers","تكاليف الموظفين للشركة باستثناء التعويضات والمساهمات والقسائم","","","sa_account_410000",""
"sa_account_400008","End Of Service Indemnity","411900","expense","False","","تعويض نهاية الخدمة","The lump-sum amount paid to an employee upon termination of service","المبلغ الإجمالي المدفوع للموظف عند انتهاء الخدمة","","","sa_account_410000",""
"sa_account_400090","Salary Deductions","412000","expense","False","","خصومات الرواتب","Deductions applied to employee salaries due to absence, penalties, or authorized adjustments.","الخصومات المطبقة على رواتب الموظفين بسبب الغياب أو الجزاءات أو التعديلات المصرح بها.","","","sa_account_410000",""
"sa_account_420000","Administrative costs","420000","expense","False","","","","","","","","False"
"sa_account_400016","Office Rent","420100","expense","False","","إيجار المكتب","Rental fees related to your workplace","رسوم الإيجار المتعلقة بمكان عملك","","","sa_account_420000",""
"sa_account_400075","Office Supplies","420200","expense","False","","اللوازم المكتبية","Various supplies bought for your workplace or office, like pencils, paper etc","اللوازم المتنوعة التي تم شراؤها لمكان عملك أو مكتبك، مثل أقلام الرصاص والورق وما إلى ذلك","","","sa_account_420000",""
"sa_account_400076","Office services","420300","expense","False","","خدمات المكتب","All expenses made for your office or workplace that are not material goods","جميع النفقات التي تم إنفاقها على مكتبك أو مكان عملك والتي ليست سلعًا مادية","","","sa_account_420000",""
"sa_account_101060","Customs","420400","expense","False","","ضريبة القيمة المضافة المدفوعة للجمارك","","","","","sa_account_420000",""
"sa_account_400017","Warehouse Rent","420500","expense","False","","إيجار المستودع","Rental expenses for warehouse facilities used for storage.","تكاليف إيجار المرافق المستودعية المستخدمة للتخزين.","","","sa_account_420000",""
"sa_account_400018","Water & Electricity","420600","expense","False","","المياه والكهرباء","Bills from your water and energy suppliers","الفواتير من موردي المياه والطاقة لديك","","","sa_account_420000",""
"sa_account_400019","Other Utility Charges","420700","expense","False","","رسوم المرافق الأخرى","Expenses for additional utilities such as gas, sewage, or waste disposal.","تكاليف المرافق الإضافية مثل الغاز أو الصرف الصحي أو التخلص من النفايات.","","","sa_account_420000",""
"sa_account_400020","Telephone","420800","expense","False","","الهاتف والإنترنت","Internet or phone bills incurred.","فواتير الإنترنت أو الهاتف المستحقة","","","sa_account_420000",""
"sa_account_400023","Others - Communication","420900","expense","False","","آخرون - التواصل","Expenses for communication services not classified elsewhere (messaging apps, conferencing tools)","نفقات خدمات الاتصالات غير المصنفة في مكان آخر (تطبيقات المراسلة وأدوات المؤتمرات)","","","sa_account_420000",""
"sa_account_421000","Website Hosting Fees","421000","expense","False","","","","","","","sa_account_420000",""
"sa_account_400042","Maintenance","421100","expense","False","","صيانة","Expenses for upkeep and repairs of equipment and facilities.","مصاريف صيانة وإصلاح المعدات والمرافق.","","","sa_account_420000",""
"sa_account_400043","Security & Guard","421200","expense","False","","الأمن والحراسة","Expenses related to security services and guarding premises.","النفقات المتعلقة بخدمات الأمن وحراسة الأماكن.","","","sa_account_420000",""
"sa_account_400078","Software","421300","expense","False","","برمجة","Licenses or computer services (like repairs or upgrades)","التراخيص أو خدمات الكمبيوتر (مثل الإصلاحات أو الترقيات)","","","sa_account_420000",""
"sa_account_400044","Cleaning","421400","expense","False","","تنظيف","Expenses for cleaning services and supplies for office or premises.","مصاريف خدمات التنظيف ولوازمها للمكاتب أو المباني.","","","sa_account_420000",""
"sa_account_400047","Kitchen and Buffet Expenses","421500","expense","False","","مصاريف المطبخ والبوفيه","Costs for pantry supplies, kitchen items, and buffet services.","تكاليف لوازم المخزن وأدوات المطبخ وخدمات البوفيه.","","","sa_account_420000",""
"sa_account_400087","Bar & Restaurant","421600","expense","False","","بار ومطعم","Expenses incurred when eating or drinking at bars or restaurants","النفقات المتكبدة عند تناول الطعام أو الشراب في الحانات أو المطاعم","","","sa_account_420000",""
"sa_account_400045","Subscriptions","421700","expense","False","","الاشتراكات","Fees for magazines, software, or professional memberships.","رسوم المجلات، أو البرامج، أو العضويات المهنية.","","","sa_account_420000",""
"sa_account_400050","Others - Office Various Expenses","421800","expense","False","","آخرون - مصاريف مكتبية متنوعة","Expenses related to the maintenance of your worplace, like repair or cleaning fees","الخدمات المتعلقة بصيانة مكان عملك، مثل رسوم الإصلاح أو التنظيف","","","sa_account_420000",""
"sa_account_400029","Audit Fees","421900","expense","False","","رسوم التدقيق","Bills from your accountant or accounting firm","الفواتير من المحاسب الخاص بك أو شركة المحاسبة","","","sa_account_420000",""
"sa_account_400031","Legal fees","422000","expense","False","","الرسوم القانونية","Bills from lawyers, fees paid to the justice system","فواتير المحامين والرسوم المدفوعة لنظام العدالة","","","sa_account_420000",""
"sa_account_400079","Administration fees","422100","expense","False","","رسوم الإدارة","Services incurred for the administration of your business (excluding supplies)","الخدمات المتكبدة لإدارة عملك (باستثناء الإمدادات)","","","sa_account_420000",""
"sa_account_400080","Membership fees","422200","expense","False","","رسوم العضوية","Subscriptions to clubs and associations related to your business","الاشتراكات في الأندية والجمعيات ذات الصلة بعملك","","","sa_account_420000",""
"sa_account_400032","Trade License Fees","422300","expense","False","","رسوم الترخيص التجاري","Government fees paid to obtain or renew the company's trade license to legally operate.","الرسوم الحكومية المدفوعة للحصول على أو تجديد الترخيص التجاري للشركة للعمل بشكل قانوني.","","","sa_account_420000",""
"sa_account_400033","Others - Professional Fees","422400","expense","False","","آخرون - الرسوم المهنية","Fees paid to external professionals for legal, consulting, or advisory services not classified elsewhere.","الرسوم المدفوعة للمتخصصين الخارجيين مقابل الخدمات القانونية أو الاستشارية أو الاستشارية غير المصنفة في مكان آخر.","","","sa_account_420000",""
"sa_account_400067","Consultancy Fees","422500","expense","False","","رسوم الاستشارات","Fees paid to external consultants for professional advisory services","الرسوم المدفوعة للمستشارين الخارجيين مقابل الخدمات الاستشارية المهنية","","","sa_account_420000",""
"sa_account_400024","Air tickets","422600","expense","False","","تذاكر الطيران","All expenses related to travel by plane","جميع النفقات المتعلقة بالسفر بالطائرة","","","sa_account_420000",""
"sa_account_400025","Hotel","422700","expense","False","","الفندق","Hotel or B&B bills incurred during business trips","فواتير الفنادق أو المبيت والإفطار المتكبدة أثناء رحلات العمل","","","sa_account_420000",""
"sa_account_400085","Public Transportation","422800","expense","False","","المواصلات العامة","Travel expenses done using public transportation (metro, bus, tramways, ...)","مصاريف السفر التي تتم باستخدام وسائل النقل العام (المترو، الحافلة، الترام، ...)","","","sa_account_420000",""
"sa_account_400026","Meals","422900","expense","False","","الوجبات","Food or drinks incurred outside of bars or restaurants, like receptions, canteen and food delivery, etc","الأطعمة والمشروبات التي يتم تناولها خارج الحانات أو المطاعم، مثل حفلات الاستقبال والكافتيريا وتوصيل الطعام، وما إلى ذلك","","","sa_account_420000",""
"sa_account_400027","Per Diem","423100","expense","False","","بدل يومي","Daily allowance paid to employees for meals and incidental expenses during business travel.","بدل يومي يُدفع للموظفين مقابل الوجبات والنفقات الطارئة أثناء السفر للعمل.","","","sa_account_420000",""
"sa_account_423200","Management & Administrative Training","423200","expense","False","","","","","","","sa_account_420000",""
"sa_account_400048","Vehicle Expenses","423300","expense","False","","مصاريف السيارة","Expenses made for the repair and maintenance of a vehicle","النفقات التي تم تكبدها لإصلاح وصيانة المركبة","","","sa_account_420000",""
"sa_account_400074","Vehicle rent","423310","expense","False","","تأجير المركبات","Rental of cars, including shared services, but excluding leasing","تأجير السيارات، بما في ذلك الخدمات المشتركة، باستثناء التأجير طويل الأجل ","","","sa_account_420000",""
"sa_account_400077","Fuel","423320","expense","False","","وقود","All fuel expenses for a car","جميع تكاليف الوقود للسيارة","","","sa_account_420000",""
"sa_account_400049","Convoyance Expenses","423400","expense","False","","نفقات المرافقة","Travel reimbursements for staff using personal transport for business purposes.","تعويضات السفر للموظفين الذين يستخدمون وسائل النقل الشخصية لأغراض العمل.","","","sa_account_420000",""
"sa_account_400040","Insurance","423500","expense","False","","تأمين","Covers premiums paid for general business insurance policies.","يغطي أقساط التأمين المدفوعة لسياسات التأمين التجارية العامة.","","","sa_account_420000",""
"sa_account_400081","Fire insurance","423510","expense","False","","تأمين ضد الحريق","Fees related to insurance to protect your property (building and content) against fire or other natural catastrophies","الرسوم المتعلقة بالتأمين لحماية ممتلكاتك (المبنى والمحتويات) ضد الحرائق أو الكوارث الطبيعية الأخرى","","","sa_account_420000",""
"sa_account_400082","Professional insurance","423520","expense","False","","التأمين المهني","All fees related to insurance taken in the context of your business","جميع الرسوم المتعلقة بالتأمين المتخذة في سياق عملك","","","sa_account_420000",""
"sa_account_400083","Legal protection insurance","423530","expense","False","","تأمين الحماية القانونية","Insurance against legal costs incurred in the context of your activity","التأمين ضد التكاليف القانونية المتكبدة في سياق نشاطك","","","sa_account_420000",""
"sa_account_400084","Professional Liability insurance","423540","expense","False","","تأمين المسؤولية المهنية","Insurance for damage caused to third parties","التأمين ضد الأضرار التي تلحق بالغير","","","sa_account_420000",""
"sa_account_400046","Gifts & Donations","423600","expense","False","","الهدايا والتبرعات","Business gifts to clients over 220 SAR","هدايا الشركات للعملاء التي تتجاوز قيمتها 220 ريال سعودي","","","sa_account_420000",""
"sa_account_400021","Courier","423700","expense","False","","ساعي","Expenses for courier and express delivery services.","مصاريف خدمات التوصيل والتوصيل السريع.","","","sa_account_420000",""
"sa_account_400034","Other - Advertising Expenses","423800","expense","False","","أخرى - نفقات الإعلان","Publicity fees for your activity, including promotional material","رسوم الدعاية لنشاطك، بما في ذلك المواد الترويجية","","","sa_account_420000",""
"sa_account_423900","Amortization on Leasehold Improvement","423900","expense_depreciation","False","","","","","","","sa_account_420000",""
"sa_account_424000","Depreciation on Right of Use Asset (IFRS 16)","424000","expense_depreciation","False","","","","","","","sa_account_420000",""
"sa_account_401006","Depreciation Of Furniture & Office Equipment","424100","expense_depreciation","False","","إهلاك الأثاث والمعدات","Expenses for depreciating office furniture and equipment over their useful life.","نفقات الإهلاك الناتجة عن التوزيع المنهجي لتكلفة الأثاث والمعدات المكتبية على مدى عمرها الإنتاجي.","","","sa_account_420000",""
"sa_account_401001","Depreciation Of Computer Hard & Soft","424200","expense_depreciation","False","","إهلاك أجهزة وبرامج الكمبيوتر","Expenses for depreciating computer hardware and software over their useful life.","نفقات الإهلاك الناتجة عن التوزيع المنهجي لتكلفة أجهزة وبرامج الكمبيوتر على مدى عمرها الإنتاجي.","","","sa_account_420000",""
"sa_account_401007","Depreciation of Motor Vehicles","424300","expense_depreciation","False","","إهلاك المركبات الآلية","Expenses for depreciating motor vehicles over their useful life.","نفقات الإهلاك الناتجة عن التوزيع المنهجي لتكلفة المركبات على مدى عمرها الإنتاجي.","","","sa_account_420000",""
"sa_account_401002","Depreciation of Construction","424400","expense_depreciation","False","","إهلاك البناء","Expenses for depreciating construction-related assets over their useful life.","نفقات الإهلاك الناتجة عن التوزيع المنهجي لتكلفة الأصول المتعلقة بالإنشاء على مدى عمرها الإنتاجي.","","","sa_account_420000",""
"sa_account_401003","Depreciation of Installations","424500","expense_depreciation","False","","إهلاك المنشآت","Expenses for depreciating installation-related assets over their useful life.","نفقات الإهلاك الناتجة عن التوزيع المنهجي لتكلفة الأصول المتعلقة بالتركيب على مدى عمرها الإنتاجي.","","","sa_account_420000",""
"sa_account_401004","Depreciation of Machine & Tools","424600","expense_depreciation","False","","إهلاك الآلات والأدوات","Expenses for depreciating machinery and tools over their useful life.","نفقات الإهلاك الناتجة عن التوزيع المنهجي لتكلفة الآلات والأدوات على مدى عمرها الإنتاجي.","","","sa_account_420000",""
"sa_account_401005","Depreciation of Other Property","424700","expense_depreciation","False","","إهلاك الممتلكات الأخرى","Expenses for depreciating other real property assets over their useful life.","نفقات الإهلاك الناتجة عن التوزيع المنهجي لتكلفة الأصول العقارية الأخرى على مدى عمرها الإنتاجي.","","","sa_account_420000",""
"sa_account_401008","Depreciation of Vehicle Aceessories","424800","expense_depreciation","False","","إهلاك ملحقات السيارة","Expenses for depreciating vehicle accessories over their useful life.","نفقات الإهلاك الناتجة عن التوزيع المنهجي لتكلفة ملحقات المركبات على مدى عمرها الإنتاجي.","","","sa_account_420000",""
"sa_account_400028","Others","424900","expense","False","","آحرون","Miscellaneous expenses that do not fall under any specific account category","النفقات المتنوعة التي لا تندرج تحت أي فئة حساب محددة","","","sa_account_420000",""
"sa_account_430000","Finance Costs","430000","expense","False","","","","","","","","False"
"sa_account_400051","Other Bank Charges","430100","expense","False","","رسوم بنكية أخرى","Nasty charges and interests from your bank","رسوم وفوائد باهظة من البنك الخاص بك","","","sa_account_430000",""
"sa_account_400058","Credit Card Charges","430200","expense","False","","رسوم بطاقات الائتمان","Fees and charges incurred on company credit card usage","الرسوم والتكاليف المستحقة على استخدام بطاقة الائتمان الخاصة بالشركة","","","sa_account_430000",""
"sa_account_400059","Bank Finance & Loan Charges","430300","expense","False","","رسوم التمويل والقروض المصرفية","Charges and interests from your bank","رسوم وفوائد باهظة من البنك الخاص بك","","","sa_account_430000",""
"sa_account_400060","Air Miles Card Charges","430400","expense","False","","رسوم بطاقة أميال الطيران","Charges related to the usage or maintenance of the company's air miles card","الرسوم المتعلقة باستخدام أو صيانة بطاقة أميال الطيران الخاصة بالشركة","","","sa_account_430000",""
"sa_account_430500","Credit Card Swipe Charges","430500","expense","False","","","","","","","sa_account_430000",""
"sa_account_400062","PayPal Charges","430600","expense","False","","رسوم باي بال","Fees charged by PayPal for processing company transactions","الرسوم التي تفرضها PayPal لمعالجة معاملات الشركة","","","sa_account_430000",""
"sa_account_400053","Loss on Difference on Exchange","430700","expense","False","","خسارة على الفرق في سعر الصرف","Loss from currency exchange rate fluctuations on foreign transactions.","الخسارة الناجمة عن تقلبات أسعار صرف العملات في المعاملات الأجنبية.","","","sa_account_430000",""
"sa_account_430800","Cash Discount Loss","430800","expense","False","","","","","","","sa_account_430000",""
"sa_account_440000","Other and Non-Operating Costs","440000","expense","False","","","","","","","","False"
"sa_account_400035","Write Off Receivables & Payables","440100","expense","False","","شطب المستحقات والمدفوعات","Adjustment for uncollectible receivables or unpayable liabilities removed from the accounts.","تعديل للمستحقات غير القابلة للتحصيل أو الالتزامات غير القابلة للدفع التي تم إزالتها من الحسابات.","","","sa_account_440000",""
"sa_account_400036","Write Off Inventory","440200","expense","False","","شطب المخزون","Reduction of inventory value due to loss, damage, or obsolescence.","انخفاض قيمة المخزون بسبب الخسارة أو التلف أو التقادم.","","","sa_account_440000",""
"sa_account_400068","Provision for Doubtful Debts","440300","expense","False","","مخصص الديون المشكوك في تحصيلها","Estimated loss set aside for receivables that may not be collected.","الخسارة المقدرة المخصصة للمستحقات التي قد لا يتم تحصيلها.","","","sa_account_440000",""
"sa_account_400038","Cash Shortage","440400","expense","False","","نقص النقد","Losses due to shortages found during cash counts or reconciliations.","الخسائر الناجمة عن النقص الذي تم اكتشافه أثناء جرد النقدية أو عمليات المقارنة.","","","sa_account_440000",""
"sa_account_400039","Others - Provision & Write off","440500","expense","False","","آخرون - التوفير والشطب","Estimated losses and write-offs not classified under specific categories.","الخسائر المقدرة وعمليات الشطب غير المصنفة ضمن فئات محددة.","","","sa_account_440000",""
"sa_account_400037","Amortisation of Preoperating Expenses","440600","expense","False","","إطفاء مصاريف ما قبل التشغيل","Allocation of pre-operating costs over the benefit period.","توزيع تكاليف ما قبل التشغيل على فترة الاستفادة.","","","sa_account_440000",""
"sa_account_400052","Loss On Fixed Assets Disposal","440700","expense","False","","خسارة التخلص من الأصول الثابتة","Loss incurred from selling fixed assets below their book value.","الخسارة الناتجة عن بيع الأصول الثابتة بأقل من قيمتها الدفترية.","","","sa_account_440000",""
"sa_account_400054","Disposal of Business Branch","440800","expense","False","","التخلص من فرع الأعمال","Loss or cost incurred from closing or selling a business branch.","الخسارة أو التكلفة الناجمة عن إغلاق أو بيع فرع تجاري.","","","sa_account_440000",""
"sa_account_400055","Income Tax","440900","expense","False","","ضريبة الدخل","Statutory tax expense on company's taxable income.","مصروف الضريبة القانوني على الدخل الخاضع للضريبة للشركة.","","","sa_account_440000",""
"sa_account_400072","ZAKAT Expense","440910","expense","False","","مصروف الزكاة","Mandatory charitable contribution under Islamic law, based on earnings or assets","المساهمة الخيرية الإلزامية في الشريعة الإسلامية، على أساس الأرباح أو الأصول","","","sa_account_440000",""
"sa_account_400073","Withholding Tax Expense","440920","expense","False","","مصروف الضريبة المستقطعة","Tax withheld at source on certain payments made to foreign or domestic parties","الضريبة المستقطعة من المصدر على مدفوعات معينة تُدفع لأطراف أجنبية أو محلية","","","sa_account_440000",""
"sa_account_400056","Previous Year Adjustments Account","441000","expense","False","","حساب تعديلات السنة السابقة","Adjustments related to prior year income or expenses identified in the current year","التعديلات المتعلقة بإيرادات أو مصروفات السنة السابقة التي تم تحديدها في السنة الحالية","","","sa_account_440000",""
"sa_account_400088","Property Tax","441100","expense","False","","ضريبة الأملاك","Local taxes that have to paid due to the ownership of property","الضرائب المحلية التي يجب دفعها بسبب ملكية العقار","","","sa_account_440000",""
"sa_account_400057","Other Non Operating Expenses","441200","expense","False","","مصاريف غير تشغيلية أخرى","Expenses not related to core business operations, incurred occasionally or irregularly","النفقات غير المتعلقة بعمليات الأعمال الأساسية، والتي يتم تكبدها من حين لآخر أو بشكل غير منتظم","","","sa_account_440000",""
"sa_account_400069","Closing Account","441300","expense","False","","إغلاق الحساب","Used to transfer balances and close temporary accounts at period end","يستخدم لنقل الأرصدة وإغلاق الحسابات المؤقتة في نهاية الفترة","","","sa_account_440000",""
"sa_account_500000","Operating Income","500000","income","False","","","","","","","","False"
"sa_account_500001","Sales Account","500100","income","False","","حساب المبيعات","","","","","sa_account_500000",""
"sa_account_500002","Sales of I/C","500200","income","False","","مبيعات I/C","","","","","sa_account_500000",""
"sa_account_500003","Management Consultancy Fees","500300","income","False","","رسوم الاستشارات الإدارية","","","","","sa_account_500000",""
"sa_account_500004","Sales from Other Region","500400","income","False","","المبيعات من منطقة أخرى","","","","","sa_account_500000",""
"sa_account_500005","Advertising Income","500500","income","False","","دخل الإعلانات","","","","","sa_account_500000",""
"sa_account_500006","Branding Income","500600","income","False","","دخل العلامة التجارية","","","","","sa_account_500000",""
"sa_account_500008","Service Income","500700","income","False","","دخل الخدمة","","","","","sa_account_500000",""
"sa_account_510000","Non-operating Income","510000","income_other","False","","","","","","","","False"
"sa_account_500007","Space Rental Income","510100","income","False","","إيرادات إيجار المساحات","","","","","sa_account_510000",""
"sa_account_500011","Gain On Difference Of Exchange","510200","income","False","","الربح من فرق الصرف","","","","","sa_account_510000",""
"sa_account_510300","Excess in Till","510300","income_other","False","","","","","","","sa_account_510000",""
"sa_account_500010","Capital Gain","510400","income","False","","مكاسب رأس المال","","","","","sa_account_510000",""
"sa_account_510500","Cash Discount Gain","510500","income_other","False","","","","","","","sa_account_510000",""
"sa_account_500013","Other Income","510600","income_other","False","","الدخل الآخر","","","","","sa_account_510000",""
"sa_account_520000","Investment Income","520000","income_other","False","","","","","","","","False"
"sa_account_520100","Finance Income","520100","income_other","False","","","","","","","sa_account_520000",""
"sa_account_500009","Interest Revenue","520200","income","False","","إيرادات الفوائد","","","","","sa_account_520000",""
"sa_account_600000","Equity","600000","equity","False","","","","","","","","False"
"sa_account_601000","Share Capital","601000","equity","False","","","","","","","sa_account_600000",""
"sa_account_602000","Capital Contributions","602000","equity","False","","","","","","","sa_account_600000",""
"sa_account_604000","Retained Earnings","604000","equity","False","","","","","","","sa_account_600000",""
"sa_account_605000","Dividends paid","605000","equity","False","","","","","","","sa_account_600000",""
"sa_account_999001","Cash Difference Gain","999001","income_other","False","","","","","","","",""
"sa_account_999002","Cash Difference Loss","999002","expense","False","","","","","","","",""
"sa_account_999999","Undistributed Profits/Losses","999999","equity_unaffected","False","","الأرباح/الخسائر غير الموزعة","","","","","",""
