year,date,holiday
2026,2026-01-01,New Year's Day
2026,2026-01-09,Martyrs' Day
2026,2026-02-17,Carnival Tuesday
2026,2026-04-03,Good Friday
2026,2026-05-01,Labor Day
2026,2026-11-03,Separation Day
2026,2026-11-05,Colón Day
2026,2026-11-10,First Call for Independence
2026,2026-11-28,Independence Day
2026,2026-12-08,Mother's Day
2026,2026-12-20,National Mourning Day
2026,2026-12-21,National Mourning Day (substitute)
2026,2026-12-25,Christmas Day
2027,2027-01-01,New Year's Day
2027,2027-01-09,Martyrs' Day
2027,2027-02-09,Carnival Tuesday
2027,2027-03-26,Good Friday
2027,2027-05-01,Labor Day
2027,2027-11-03,Separation Day
2027,2027-11-05,Colón Day
2027,2027-11-10,First Call for Independence
2027,2027-11-28,Independence Day
2027,2027-11-29,Independence Day (substitute)
2027,2027-12-08,Mother's Day
2027,2027-12-20,National Mourning Day
2027,2027-12-25,Christmas Day
2028,2028-01-01,New Year's Day
2028,2028-01-09,Martyrs' Day
2028,2028-01-10,Martyrs' Day (substitute)
2028,2028-02-29,Carnival Tuesday
2028,2028-04-14,Good Friday
2028,2028-05-01,Labor Day
2028,2028-11-03,Separation Day
2028,2028-11-05,Colón Day
2028,2028-11-06,Colón Day (substitute)
2028,2028-11-10,First Call for Independence
2028,2028-11-28,Independence Day
2028,2028-12-08,Mother's Day
2028,2028-12-20,National Mourning Day
2028,2028-12-25,Christmas Day
2029,2029-01-01,New Year's Day
2029,2029-01-09,Martyrs' Day
2029,2029-02-13,Carnival Tuesday
2029,2029-03-30,Good Friday
2029,2029-05-01,Labor Day
2029,2029-07-01,Presidential Inauguration Day
2029,2029-07-02,Presidential Inauguration Day (substitute)
2029,2029-11-03,Separation Day
2029,2029-11-05,Colón Day
2029,2029-11-10,First Call for Independence
2029,2029-11-28,Independence Day
2029,2029-12-08,Mother's Day
2029,2029-12-20,National Mourning Day
2029,2029-12-25,Christmas Day
2030,2030-01-01,New Year's Day
2030,2030-01-09,Martyrs' Day
2030,2030-03-05,Carnival Tuesday
2030,2030-04-19,Good Friday
2030,2030-05-01,Labor Day
2030,2030-11-03,Separation Day
2030,2030-11-04,Separation Day (substitute)
2030,2030-11-05,Colón Day
2030,2030-11-10,First Call for Independence
2030,2030-11-11,First Call for Independence (substitute)
2030,2030-11-28,Independence Day
2030,2030-12-08,Mother's Day
2030,2030-12-09,Mother's Day (substitute)
2030,2030-12-20,National Mourning Day
2030,2030-12-25,Christmas Day
2031,2031-01-01,New Year's Day
2031,2031-01-09,Martyrs' Day
2031,2031-02-25,Carnival Tuesday
2031,2031-04-11,Good Friday
2031,2031-05-01,Labor Day
2031,2031-11-03,Separation Day
2031,2031-11-05,Colón Day
2031,2031-11-10,First Call for Independence
2031,2031-11-28,Independence Day
2031,2031-12-08,Mother's Day
2031,2031-12-20,National Mourning Day
2031,2031-12-25,Christmas Day
2032,2032-01-01,New Year's Day
2032,2032-01-09,Martyrs' Day
2032,2032-02-10,Carnival Tuesday
2032,2032-03-26,Good Friday
2032,2032-05-01,Labor Day
2032,2032-11-03,Separation Day
2032,2032-11-05,Colón Day
2032,2032-11-10,First Call for Independence
2032,2032-11-28,Independence Day
2032,2032-11-29,Independence Day (substitute)
2032,2032-12-08,Mother's Day
2032,2032-12-20,National Mourning Day
2032,2032-12-25,Christmas Day
2033,2033-01-01,New Year's Day
2033,2033-01-09,Martyrs' Day
2033,2033-01-10,Martyrs' Day (substitute)
2033,2033-03-01,Carnival Tuesday
2033,2033-04-15,Good Friday
2033,2033-05-01,Labor Day
2033,2033-05-02,Labor Day (substitute)
2033,2033-11-03,Separation Day
2033,2033-11-05,Colón Day
2033,2033-11-10,First Call for Independence
2033,2033-11-28,Independence Day
2033,2033-12-08,Mother's Day
2033,2033-12-20,National Mourning Day
2033,2033-12-25,Christmas Day
2033,2033-12-26,Christmas Day (substitute)
2034,2034-01-01,New Year's Day
2034,2034-01-02,New Year's Day (substitute)
2034,2034-01-09,Martyrs' Day
2034,2034-02-21,Carnival Tuesday
2034,2034-04-07,Good Friday
2034,2034-05-01,Labor Day
2034,2034-07-01,Presidential Inauguration Day
2034,2034-11-03,Separation Day
2034,2034-11-05,Colón Day
2034,2034-11-06,Colón Day (substitute)
2034,2034-11-10,First Call for Independence
2034,2034-11-28,Independence Day
2034,2034-12-08,Mother's Day
2034,2034-12-20,National Mourning Day
2034,2034-12-25,Christmas Day
2035,2035-01-01,New Year's Day
2035,2035-01-09,Martyrs' Day
2035,2035-02-06,Carnival Tuesday
2035,2035-03-23,Good Friday
2035,2035-05-01,Labor Day
2035,2035-11-03,Separation Day
2035,2035-11-05,Colón Day
2035,2035-11-10,First Call for Independence
2035,2035-11-28,Independence Day
2035,2035-12-08,Mother's Day
2035,2035-12-20,National Mourning Day
2035,2035-12-25,Christmas Day
2036,2036-01-01,New Year's Day
2036,2036-01-09,Martyrs' Day
2036,2036-02-26,Carnival Tuesday
2036,2036-04-11,Good Friday
2036,2036-05-01,Labor Day
2036,2036-11-03,Separation Day
2036,2036-11-05,Colón Day
2036,2036-11-10,First Call for Independence
2036,2036-11-28,Independence Day
2036,2036-12-08,Mother's Day
2036,2036-12-20,National Mourning Day
2036,2036-12-25,Christmas Day
2037,2037-01-01,New Year's Day
2037,2037-01-09,Martyrs' Day
2037,2037-02-17,Carnival Tuesday
2037,2037-04-03,Good Friday
2037,2037-05-01,Labor Day
2037,2037-11-03,Separation Day
2037,2037-11-05,Colón Day
2037,2037-11-10,First Call for Independence
2037,2037-11-28,Independence Day
2037,2037-12-08,Mother's Day
2037,2037-12-20,National Mourning Day
2037,2037-12-21,National Mourning Day (substitute)
2037,2037-12-25,Christmas Day
2038,2038-01-01,New Year's Day
2038,2038-01-09,Martyrs' Day
2038,2038-03-09,Carnival Tuesday
2038,2038-04-23,Good Friday
2038,2038-05-01,Labor Day
2038,2038-11-03,Separation Day
2038,2038-11-05,Colón Day
2038,2038-11-10,First Call for Independence
2038,2038-11-28,Independence Day
2038,2038-11-29,Independence Day (substitute)
2038,2038-12-08,Mother's Day
2038,2038-12-20,National Mourning Day
2038,2038-12-25,Christmas Day
2039,2039-01-01,New Year's Day
2039,2039-01-09,Martyrs' Day
2039,2039-01-10,Martyrs' Day (substitute)
2039,2039-02-22,Carnival Tuesday
2039,2039-04-08,Good Friday
2039,2039-05-01,Labor Day
2039,2039-05-02,Labor Day (substitute)
2039,2039-07-01,Presidential Inauguration Day
2039,2039-11-03,Separation Day
2039,2039-11-05,Colón Day
2039,2039-11-10,First Call for Independence
2039,2039-11-28,Independence Day
2039,2039-12-08,Mother's Day
2039,2039-12-20,National Mourning Day
2039,2039-12-25,Christmas Day
2039,2039-12-26,Christmas Day (substitute)
2040,2040-01-01,New Year's Day
2040,2040-01-02,New Year's Day (substitute)
2040,2040-01-09,Martyrs' Day
2040,2040-02-14,Carnival Tuesday
2040,2040-03-30,Good Friday
2040,2040-05-01,Labor Day
2040,2040-11-03,Separation Day
2040,2040-11-05,Colón Day
2040,2040-11-10,First Call for Independence
2040,2040-11-28,Independence Day
2040,2040-12-08,Mother's Day
2040,2040-12-20,National Mourning Day
2040,2040-12-25,Christmas Day
2041,2041-01-01,New Year's Day
2041,2041-01-09,Martyrs' Day
2041,2041-03-05,Carnival Tuesday
2041,2041-04-19,Good Friday
2041,2041-05-01,Labor Day
2041,2041-11-03,Separation Day
2041,2041-11-04,Separation Day (substitute)
2041,2041-11-05,Colón Day
2041,2041-11-10,First Call for Independence
2041,2041-11-11,First Call for Independence (substitute)
2041,2041-11-28,Independence Day
2041,2041-12-08,Mother's Day
2041,2041-12-09,Mother's Day (substitute)
2041,2041-12-20,National Mourning Day
2041,2041-12-25,Christmas Day
2042,2042-01-01,New Year's Day
2042,2042-01-09,Martyrs' Day
2042,2042-02-18,Carnival Tuesday
2042,2042-04-04,Good Friday
2042,2042-05-01,Labor Day
2042,2042-11-03,Separation Day
2042,2042-11-05,Colón Day
2042,2042-11-10,First Call for Independence
2042,2042-11-28,Independence Day
2042,2042-12-08,Mother's Day
2042,2042-12-20,National Mourning Day
2042,2042-12-25,Christmas Day
2043,2043-01-01,New Year's Day
2043,2043-01-09,Martyrs' Day
2043,2043-02-10,Carnival Tuesday
2043,2043-03-27,Good Friday
2043,2043-05-01,Labor Day
2043,2043-11-03,Separation Day
2043,2043-11-05,Colón Day
2043,2043-11-10,First Call for Independence
2043,2043-11-28,Independence Day
2043,2043-12-08,Mother's Day
2043,2043-12-20,National Mourning Day
2043,2043-12-21,National Mourning Day (substitute)
2043,2043-12-25,Christmas Day
2044,2044-01-01,New Year's Day
2044,2044-01-09,Martyrs' Day
2044,2044-03-01,Carnival Tuesday
2044,2044-04-15,Good Friday
2044,2044-05-01,Labor Day
2044,2044-05-02,Labor Day (substitute)
2044,2044-07-01,Presidential Inauguration Day
2044,2044-11-03,Separation Day
2044,2044-11-05,Colón Day
2044,2044-11-10,First Call for Independence
2044,2044-11-28,Independence Day
2044,2044-12-08,Mother's Day
2044,2044-12-20,National Mourning Day
2044,2044-12-25,Christmas Day
2044,2044-12-26,Christmas Day (substitute)
2045,2045-01-01,New Year's Day
2045,2045-01-02,New Year's Day (substitute)
2045,2045-01-09,Martyrs' Day
2045,2045-02-21,Carnival Tuesday
2045,2045-04-07,Good Friday
2045,2045-05-01,Labor Day
2045,2045-11-03,Separation Day
2045,2045-11-05,Colón Day
2045,2045-11-06,Colón Day (substitute)
2045,2045-11-10,First Call for Independence
2045,2045-11-28,Independence Day
2045,2045-12-08,Mother's Day
2045,2045-12-20,National Mourning Day
2045,2045-12-25,Christmas Day
2046,2046-01-01,New Year's Day
2046,2046-01-09,Martyrs' Day
2046,2046-02-06,Carnival Tuesday
2046,2046-03-23,Good Friday
2046,2046-05-01,Labor Day
2046,2046-11-03,Separation Day
2046,2046-11-05,Colón Day
2046,2046-11-10,First Call for Independence
2046,2046-11-28,Independence Day
2046,2046-12-08,Mother's Day
2046,2046-12-20,National Mourning Day
2046,2046-12-25,Christmas Day
2047,2047-01-01,New Year's Day
2047,2047-01-09,Martyrs' Day
2047,2047-02-26,Carnival Tuesday
2047,2047-04-12,Good Friday
2047,2047-05-01,Labor Day
2047,2047-11-03,Separation Day
2047,2047-11-04,Separation Day (substitute)
2047,2047-11-05,Colón Day
2047,2047-11-10,First Call for Independence
2047,2047-11-11,First Call for Independence (substitute)
2047,2047-11-28,Independence Day
2047,2047-12-08,Mother's Day
2047,2047-12-09,Mother's Day (substitute)
2047,2047-12-20,National Mourning Day
2047,2047-12-25,Christmas Day
2048,2048-01-01,New Year's Day
2048,2048-01-09,Martyrs' Day
2048,2048-02-18,Carnival Tuesday
2048,2048-04-03,Good Friday
2048,2048-05-01,Labor Day
2048,2048-11-03,Separation Day
2048,2048-11-05,Colón Day
2048,2048-11-10,First Call for Independence
2048,2048-11-28,Independence Day
2048,2048-12-08,Mother's Day
2048,2048-12-20,National Mourning Day
2048,2048-12-21,National Mourning Day (substitute)
2048,2048-12-25,Christmas Day
2049,2049-01-01,New Year's Day
2049,2049-01-09,Martyrs' Day
2049,2049-03-02,Carnival Tuesday
2049,2049-04-16,Good Friday
2049,2049-05-01,Labor Day
2049,2049-07-01,Presidential Inauguration Day
2049,2049-11-03,Separation Day
2049,2049-11-05,Colón Day
2049,2049-11-10,First Call for Independence
2049,2049-11-28,Independence Day
2049,2049-11-29,Independence Day (substitute)
2049,2049-12-08,Mother's Day
2049,2049-12-20,National Mourning Day
2049,2049-12-25,Christmas Day
2050,2050-01-01,New Year's Day
2050,2050-01-09,Martyrs' Day
2050,2050-01-10,Martyrs' Day (substitute)
2050,2050-02-22,Carnival Tuesday
2050,2050-04-08,Good Friday
2050,2050-05-01,Labor Day
2050,2050-05-02,Labor Day (substitute)
2050,2050-11-03,Separation Day
2050,2050-11-05,Colón Day
2050,2050-11-10,First Call for Independence
2050,2050-11-28,Independence Day
2050,2050-12-08,Mother's Day
2050,2050-12-20,National Mourning Day
2050,2050-12-25,Christmas Day
2050,2050-12-26,Christmas Day (substitute)
